_RAJ2000	_DEJ2000	RA_ICRS	e_RA_ICRS	DE_ICRS	e_DE_ICRS	Source	Plx	e_Plx	pmRA	e_pmRA	pmDE	e_pmDE	Dup	FG	e_FG	Gmag	e_Gmag	FBP	e_FBP	BPmag	e_BPmag	FRP	e_FRP	RPmag	e_RPmag	BP-RP	RV	e_RV	Teff	AG	E(BP-RP)	Rad	Lum
025.2013965776533	+02.7397428783519	025.20141682004	0.0781	+02.73972395540	0.0513	2560318210889491456	0.0582	0.0851	4.696	0.153	-4.395	0.098	0	4.4387e+03	4.2232e+00	16.5702	0.0010	2.3155e+03	1.7044e+01	16.9398	0.0080	3.0933e+03	1.5769e+01	16.0359	0.0055	0.9039			5382.60				
025.1225586635965	+02.7417378149265	025.12264929132	0.1273	+02.74167906290	0.0775	2560321062747802240	0.3767	0.1222	21.025	0.308	-13.646	0.160	0	2.4537e+03	2.8493e+00	17.2138	0.0013	1.3055e+03	1.8697e+01	17.5619	0.0155	1.6541e+03	1.6251e+01	16.7155	0.0107	0.8464							
025.1596865663422	+02.7641239458908	025.15968115288	0.1019	+02.76411170436	0.0701	2560321505129281920	0.1915	0.1062	-1.256	0.243	-2.843	0.137	0	3.0899e+03	3.3840e+00	16.9635	0.0012	1.6480e+03	1.4050e+01	17.3090	0.0093	2.0821e+03	1.0521e+01	16.4657	0.0055	0.8433			5757.33	1.1793	0.6170		
025.1339684163516	+02.7608718392698	025.13400643458	0.1271	+02.76081372181	0.0918	2560321853021758080	-0.0840	0.1473	8.820	0.273	-13.498	0.171	0	2.5658e+03	3.6473e+00	17.1653	0.0015	1.3928e+03	1.4427e+01	17.4917	0.0112	1.6959e+03	1.0411e+01	16.6884	0.0067	0.8032							
025.0583076087018	+02.7611076947183	025.05838834200	0.1236	+02.76108291382	0.0772	2560322024820450176	0.6154	0.1166	18.729	0.295	-5.756	0.170	1	2.6313e+03	3.7377e+00	17.1379	0.0015	1.3054e+03	3.1662e+01	17.5620	0.0263	1.8993e+03	1.7048e+01	16.5654	0.0097	0.9966							
025.2425482128011	+02.8041477244637	025.24254849220	0.1441	+02.80412871624	0.0678	2560327415004300288	0.3712	0.1413	0.065	0.221	-4.415	0.127	0	4.2827e+03	4.6163e+00	16.6091	0.0012	2.2458e+03	1.3090e+01	16.9730	0.0063	2.9480e+03	1.5633e+01	16.0881	0.0058	0.8848			5727.00	0.3260	0.1727		
025.2044499108759	+02.8285423634249	025.20447041018	0.1418	+02.82851909642	0.0659	2560328415731784832	0.4988	0.1378	4.755	0.226	-5.404	0.120	0	3.2340e+03	4.1397e+00	16.9140	0.0014	1.4172e+03	1.0096e+01	17.4728	0.0077	2.5563e+03	1.4426e+01	16.2429	0.0061	1.2299			4819.50	0.7845	0.3865		
025.2158913702730	+02.8500330958067	025.21591134071	0.1397	+02.85005614859	0.0645	2560328896768121344	1.2151	0.1469	4.633	0.191	5.354	0.115	0	4.3064e+03	4.7011e+00	16.6031	0.0012	1.9260e+03	1.0351e+01	17.1398	0.0058	3.4336e+03	1.1995e+01	15.9225	0.0038	1.2172			4912.00	0.0940	0.0540		
025.2277254932688	+02.8794625727982	025.22775994959	0.0918	+02.87941434468	0.0554	2560329236070469632	0.4998	0.0993	7.993	0.166	-11.201	0.103	0	3.7894e+03	3.6049e+00	16.7419	0.0010	2.0181e+03	1.6960e+01	17.0890	0.0091	2.6463e+03	1.5302e+01	16.2053	0.0063	0.8837			5496.00	0.0117	0.0070		
025.2078643859663	+02.8891096863791	025.20788030986	0.1234	+02.88910926828	0.0796	2560329309084980096	0.6273	0.1501	3.694	0.222	-0.097	0.144	0	2.4801e+03	3.5915e+00	17.2022	0.0016	1.1877e+03	1.2999e+01	17.6647	0.0119	1.8447e+03	1.2643e+01	16.5971	0.0074	1.0675							
025.2924028822941	+02.8739047513727	025.29246498474	0.1227	+02.87386295072	0.1279	2560329682747065600	1.1812	0.1671	14.406	0.323	-9.709	0.223	0	3.6799e+03	3.8918e+00	16.7738	0.0011	1.3802e+03	4.1549e+01	17.5015	0.0327	3.5445e+03	1.5662e+01	15.8880	0.0048	1.6135			4350.00	0.7627	0.3950	0.67	0.143
024.9524930774676	+02.7468971598126	024.95250598285	0.1015	+02.74687297323	0.0841	2560367237941042944	0.2866	0.1116	2.994	0.259	-5.618	0.146	0	2.6770e+03	2.8747e+00	17.1192	0.0012	1.4919e+03	2.1625e+01	17.4170	0.0157	1.7548e+03	1.5836e+01	16.6514	0.0098	0.7657							
025.0172931753646	+02.7754166279482	025.01730030494	0.0853	+02.77539760248	0.0714	2560367757632217344	0.9784	0.1121	1.654	0.212	-4.419	0.136	0	4.4627e+03	4.3795e+00	16.5644	0.0011	1.9172e+03	1.6508e+01	17.1447	0.0093	3.6399e+03	2.8238e+01	15.8592	0.0084	1.2855			4995.67	0.2345	0.1055	0.60	0.203
024.9950595133828	+02.8005260463415	024.99509830533	0.0889	+02.80054106584	0.0648	2560368577970863488	0.1960	0.1000	8.999	0.210	3.488	0.129	0	4.3049e+03	4.5440e+00	16.6035	0.0011	2.3224e+03	2.3575e+01	16.9366	0.0110	2.8805e+03	1.5043e+01	16.1133	0.0057	0.8233			5810.50				
025.0365223283320	+02.7957345602955	025.03663553972	0.1191	+02.79579695559	0.0844	2560369269460705024	3.5266	0.1353	26.263	0.302	14.492	0.162	0	2.9981e+03	3.6631e+00	16.9962	0.0013	6.5005e+02	1.0806e+01	18.3190	0.0180	3.6069e+03	1.1230e+01	15.8691	0.0034	2.4499			3816.22	0.1033	0.0590		
025.0681352888449	+02.8681901788154	025.06816398474	0.1256	+02.86817117483	0.0977	2560370746929452928	1.0855	0.1441	6.657	0.311	-4.414	0.201	1	2.5869e+03	3.3781e+00	17.1564	0.0014	8.6448e+02	1.6858e+01	18.0095	0.0212	2.5400e+03	1.1636e+01	16.2498	0.0050	1.7597							
024.9067934082948	+02.8261093863106	024.90681179912	0.1198	+02.82611303928	0.0849	2560371773426543616	0.5410	0.1357	4.266	0.281	0.848	0.153	0	2.2236e+03	3.4774e+00	17.3207	0.0017	1.0697e+03	1.5622e+01	17.7782	0.0159	1.6093e+03	1.0914e+01	16.7453	0.0074	1.0329							
024.9050905222344	+02.8782629027220	024.90506552217	0.0868	+02.87826159779	0.0667	2560372976017411840	0.7914	0.1061	-5.799	0.183	-0.303	0.121	0	3.8423e+03	4.7865e+00	16.7269	0.0014	1.5728e+03	1.2305e+01	17.3597	0.0085	3.2218e+03	1.6831e+01	15.9917	0.0057	1.3680			4624.10	0.7438	0.3620	0.85	0.297
024.9746727144256	+02.9175357899864	024.97468485118	0.0874	+02.91754105980	0.0725	2560374251622747136	1.5226	0.1186	2.815	0.191	1.224	0.125	0	3.4220e+03	3.4190e+00	16.8527	0.0011	1.1240e+03	8.1420e+00	17.7245	0.0079	3.3850e+03	1.0197e+01	15.9380	0.0033	1.7865			3987.92	0.3180	0.1417	0.66	0.098
024.9851350134739	+02.9005219011763	024.98518669717	0.0797	+02.90055066195	0.0621	2560374178608265600	0.7783	0.0988	11.989	0.174	6.680	0.113	0	4.1207e+03	4.3459e+00	16.6509	0.0011	1.8668e+03	9.6647e+00	17.1737	0.0056	3.1820e+03	1.5856e+01	16.0052	0.0054	1.1685			4992.08	0.1647	0.0732	0.73	0.297
024.9258558081733	+02.8979226853990	024.92583483644	0.0921	+02.89790622993	0.0665	2560374487845909760	0.5177	0.1073	-4.865	0.193	-3.822	0.120	0	3.6262e+03	4.0911e+00	16.7897	0.0012	1.5770e+03	2.6224e+01	17.3568	0.0181	2.9474e+03	1.8799e+01	16.0883	0.0069	1.2685			5101.00	0.9350	0.4540		
024.9549853837664	+02.9584718418775	024.95499434641	0.1139	+02.95842573105	0.0634	2560375419853851008	0.9344	0.1290	2.079	0.188	-10.710	0.107	0	4.5640e+03	4.6807e+00	16.5400	0.0011	2.0309e+03	1.3598e+01	17.0821	0.0073	3.5438e+03	1.3277e+01	15.8882	0.0041	1.1939			4819.68	0.0860	0.0160	0.70	0.238
024.9521864137055	+02.9630867925062	024.95221889246	0.1169	+02.96310564518	0.0651	2560375484278357888	0.6303	0.1319	7.533	0.194	4.379	0.109	0	4.3122e+03	4.4358e+00	16.6016	0.0011	1.7907e+03	1.6098e+01	17.2188	0.0098	3.5709e+03	1.9446e+01	15.8800	0.0059	1.3389			4663.26	1.0640	0.5153		
025.1294721595635	+02.8508420973830	025.12949686345	0.1185	+02.85082166957	0.0745	2560375626012328192	0.5054	0.1378	5.731	0.198	-4.745	0.148	0	3.4300e+03	3.4498e+00	16.8501	0.0011	1.5740e+03	6.8573e+00	17.3589	0.0047	2.6465e+03	6.9170e+00	16.2053	0.0028	1.1536			4962.40				
025.1832663932116	+02.8839701948231	025.18324010292	0.1472	+02.88392899391	0.0854	2560376102753606912	-0.0704	0.1712	-6.098	0.245	-9.569	0.150	0	2.1379e+03	2.6906e+00	17.3634	0.0014	1.1068e+03	1.5983e+01	17.7412	0.0157	1.4676e+03	1.4104e+01	16.8454	0.0104	0.8958							
025.1127793433907	+02.9557401872165	025.11278477073	0.0922	+02.95572713617	0.0622	2560377584517384960	-0.1127	0.1065	1.259	0.186	-3.031	0.118	0	4.1621e+03	3.1092e+00	16.6401	0.0008	1.9766e+03	1.9829e+01	17.1116	0.0109	3.1664e+03	1.4118e+01	16.0105	0.0048	1.1011			4973.00				
025.1897029015107	+02.9538597837103	025.18970290151	2.1458	+02.95385978371	0.7537	2560378099912984704							0	4.7165e+03	2.4911e+01	16.5043	0.0057																
025.2751416529019	+02.9863009657827	025.27523149351	0.0902	+02.98629193469	0.0611	2560378507935347968	0.5756	0.1010	20.838	0.155	-2.098	0.126	0	3.6734e+03	3.5485e+00	16.7757	0.0010	1.8064e+03	1.3438e+01	17.2093	0.0081	2.6950e+03	1.5857e+01	16.1855	0.0064	1.0238			5307.00	0.1137	0.0495		
025.1864140256178	+02.9919470324414	025.18646006060	0.0756	+02.99196297757	0.0536	2560379268144563328	0.9230	0.0890	10.677	0.146	3.703	0.101	0	4.6930e+03	3.4889e+00	16.5097	0.0008	2.1790e+03	1.1080e+01	17.0058	0.0055	3.6504e+03	1.3717e+01	15.8561	0.0041	1.1497			4941.00	0.1300	0.0630	0.67	0.243
025.2288589933465	+03.0285760513162	025.22882841377	0.0948	+03.02854391067	0.0770	2560379813604911616	1.8239	0.1130	-7.092	0.195	-7.465	0.152	0	2.2957e+03	2.9138e+00	17.2861	0.0014	6.0598e+02	9.1382e+00	18.3952	0.0164	2.5799e+03	1.0953e+01	16.2329	0.0046	2.1623							
025.0177422177274	+02.9758627315144	025.01777040416	0.1650	+02.97571654316	0.0994	2560381192289912960	4.5451	0.1927	6.538	0.293	-33.953	0.174	0	2.7355e+03	4.0637e+00	17.0958	0.0016	5.9298e+02	1.8288e+01	18.4188	0.0335	3.2565e+03	1.8175e+01	15.9800	0.0061	2.4388							
025.1117960913764	+03.0498256609875	025.11214741585	0.1337	+03.04981513754	0.1023	2560383391313166336	3.7009	0.1716	81.482	0.276	-2.444	0.175	0	1.9933e+03	2.8790e+00	17.4395	0.0016	4.3453e+02	1.9995e+01	18.7564	0.0500	2.4618e+03	1.2005e+01	16.2838	0.0053	2.4726							
025.1079120488427	+03.0503295992723	025.10798938101	0.0967	+03.05025760008	0.0747	2560383391313166208	0.4442	0.1246	17.936	0.202	-16.722	0.133	0	3.0151e+03	3.2887e+00	16.9901	0.0012	1.7381e+03	2.8438e+01	17.2512	0.0178	1.9668e+03	2.2802e+01	16.5275	0.0126	0.7237			6188.00	0.0170	0.0080		
025.0986572054263	+03.0602485258594	025.09868995457	0.1625	+03.06020830406	0.1229	2560383460032642688	2.4763	0.2030	7.595	0.339	-9.342	0.211	0	3.7986e+03	7.8453e+00	16.7393	0.0022	8.7581e+02	9.6166e+00	17.9954	0.0119	4.6275e+03	1.5973e+01	15.5986	0.0037	2.3968			3375.00			0.74	0.064
025.1140339022975	+03.0585714448655	025.11405156330	0.1058	+03.05854694052	0.0866	2560383387017718656	0.3759	0.1396	4.096	0.201	-5.691	0.152	0	2.3414e+03	2.7342e+00	17.2647	0.0013	1.1329e+03	1.8429e+01	17.7159	0.0177	1.7607e+03	1.8910e+01	16.6477	0.0117	1.0682							
025.1306558941405	+03.0716958691641	025.13072523022	0.3148	+03.07169950635	0.2602	2560383803630025600	2.4386	0.4070	16.081	0.643	0.845	0.434	0	4.0107e+03	9.7293e+00	16.6803	0.0026	1.0380e+03	1.6842e+01	17.8109	0.0176	4.6514e+03	1.5877e+01	15.5930	0.0037	2.2179			4094.66				
024.8720572927129	+02.9297886529628	024.87206468250	0.0811	+02.92978678818	0.0616	2560386616833570560	0.4119	0.1059	1.714	0.171	-0.433	0.114	0	4.0123e+03	3.9480e+00	16.6799	0.0011	2.1433e+03	1.4072e+01	17.0237	0.0071	2.6617e+03	2.0504e+01	16.1990	0.0084	0.8246			5648.00	0.0657	0.0295		
024.9276096745060	+03.0104088843418	024.92757433793	0.2132	+03.01035338069	0.1098	2560387548841493632	0.4578	0.2097	-8.196	0.389	-12.891	0.180	0	2.0820e+03	3.7357e+00	17.3922	0.0019	9.0878e+02	1.2668e+01	17.9552	0.0151	1.6811e+03	1.0684e+01	16.6980	0.0069	1.2573							
024.9862950108125	+03.0194159116596	024.98626189292	0.0861	+03.01933188103	0.0613	2560393282622348416	0.7535	0.1054	-7.681	0.178	-19.517	0.111	0	4.1070e+03	3.9742e+00	16.6546	0.0011	1.8450e+03	1.3318e+01	17.1864	0.0078	3.1715e+03	1.5993e+01	16.0087	0.0055	1.1777			4868.99	0.2125	0.1090	0.80	0.325
024.9849504515484	+03.0102000999121	024.98524199116	0.1048	+03.01015690005	0.0746	2560393286917800832	3.2935	0.1295	67.619	0.214	-10.034	0.132	0	2.7881e+03	3.4562e+00	17.0751	0.0013	6.3858e+02	7.4462e+00	18.3384	0.0127	3.3325e+03	1.1596e+01	15.9550	0.0038	2.3834							
024.9743728976446	+03.0604579059518	024.97436773003	0.1062	+03.06033324429	0.0756	2560394042832044160	4.7707	0.1309	-1.199	0.218	-28.954	0.132	0	3.7431e+03	4.1668e+00	16.7553	0.0012	7.5549e+02	1.1987e+01	18.1558	0.0172	4.6881e+03	1.2273e+01	15.5844	0.0028	2.5714			3279.00	0.0752	0.0470		
025.0749308003253	+03.0875369129784	025.07493002455	0.0971	+03.08754135392	0.0762	2560395485941070464	0.6145	0.1239	-0.180	0.173	1.031	0.159	1	3.6053e+03	3.9170e+00	16.7960	0.0012	1.9428e+03	3.6460e+01	17.1303	0.0204	2.5373e+03	1.6288e+01	16.2510	0.0070	0.8793			5547.60	0.0330	0.0350		
025.0606440857597	+03.1308531195128	025.06059202678	0.0846	+03.13077823153	0.0714	2560396241855313152	1.3073	0.1021	-12.073	0.181	-17.393	0.140	0	3.3151e+03	2.9962e+00	16.8871	0.0010	1.2205e+03	1.1846e+01	17.6350	0.0105	3.0941e+03	1.2090e+01	16.0356	0.0042	1.5995			4223.48	0.2148	0.1195	0.62	0.112
025.0118986036039	+03.1081435728532	025.01192775500	0.1010	+03.10805947478	0.0822	2560396448013744128	0.8712	0.1274	6.761	0.183	-19.532	0.149	0	2.9922e+03	3.4507e+00	16.9984	0.0013	1.2267e+03	8.3022e+00	17.6295	0.0073	2.5179e+03	1.2978e+01	16.2593	0.0056	1.3702			4662.15	0.1860	0.0670	0.67	0.188
025.0240907951606	+03.1530399124309	025.02419149897	0.0790	+03.15302759315	0.0690	2560396894690341504	2.1323	0.0993	23.354	0.169	-2.861	0.134	0	3.5526e+03	3.1901e+00	16.8120	0.0010	9.5131e+02	1.0399e+01	17.9056	0.0119	3.9116e+03	1.3776e+01	15.7810	0.0038	2.1245			3980.58	0.6140	0.3087		
024.9821762689312	+03.1535520612675	024.98215577250	0.0912	+03.15351293704	0.0709	2560399780908349440	4.6726	0.1135	-4.753	0.164	-9.087	0.121	0	4.4112e+03	5.1317e+00	16.5770	0.0013	9.4064e+02	1.5180e+01	17.9178	0.0175	5.3229e+03	3.0327e+01	15.4466	0.0062	2.4713			3786.00	0.3087	0.1730		
025.2749741242396	+03.0827677896973	025.27502128938	0.0815	+03.08279869398	0.0656	2560403487464678400	1.0349	0.0963	10.939	0.168	7.178	0.127	0	4.2047e+03	3.8806e+00	16.6290	0.0010	1.8980e+03	1.4274e+01	17.1557	0.0082	3.3264e+03	2.3403e+01	15.9570	0.0076	1.1987			4903.00	0.1280	0.0627	0.58	0.175
025.2507238273578	+03.0918681052267	025.25076366903	0.0702	+03.09186965366	0.0575	2560406476761922432	0.4100	0.0808	9.240	0.156	0.360	0.119	0	4.0354e+03	3.3190e+00	16.6736	0.0009	1.9838e+03	2.7321e+01	17.1076	0.0150	2.9996e+03	1.5474e+01	16.0693	0.0056	1.0384			5112.00	0.6163	0.3090		
025.2478172427800	+03.1267110810608	025.24782877472	0.4366	+03.12666267004	0.3473	2560407168251697664	0.3218	0.5200	2.674	0.934	-11.244	0.646	0	2.9516e+03	1.2304e+01	17.0132	0.0045	1.4782e+03	1.2351e+01	17.4270	0.0091	2.5136e+03	1.4377e+01	16.2612	0.0062	1.1659			4923.25	1.3370	0.6560		
025.1123962698888	+03.1650805539352	025.11237803271	0.0893	+03.16510044850	0.0953	2560419812635832448	2.4325	0.1205	-4.229	0.215	4.621	0.167	0	2.7943e+03	3.1254e+00	17.0727	0.0012	6.9157e+02	1.1687e+01	18.2518	0.0183	3.1705e+03	1.0518e+01	16.0091	0.0036	2.2427							
