field,source_id,RA,Dec,mag_nb,mag_bb,line_flux_erg_cm2_s,logL_Lya_erg_s,area_arcsec2,priority
j0022,607,5.6209533020126825,-0.5459108275014172,21.786177,22.624485,4.931910300299671e-16,43.62151761367281,99.47879130216548,1
j0022,380,5.452052046128491,-0.7309904897130978,21.194675,22.154848,9.279300659130989e-16,43.8960176910096,83.73537393577611,1
j0022,168,5.343151091464319,-0.9115962146429792,21.980202,23.470278,5.723813214712938e-16,43.68618789743969,82.80082888690484,1
j0022,740,5.787738556137523,-0.351571207257618,23.815546,99.0,1.4142142232472371e-16,43.07901764524088,65.81339422199397,1
j0022,119,5.27141409864672,-1.0285514670249565,22.7434,23.82068,2.3888715301792835e-16,43.306695239150905,63.64541286848413,1
j0022,618,5.66718846355432,-0.5377608091809823,22.268694,23.509647,4.0039035228751047e-16,43.53098604873427,61.82200451312785,1
j0022,758,5.816031760434967,-0.3374448767120335,22.975386,24.030535,1.9058851972729591e-16,43.208599181426735,52.36580819321915,1
j0022,167,5.73373118602147,-0.9084699208919018,23.734184,24.883617,9.954689833563888e-17,42.92653017736424,52.21239641284204,1
j0022,221,5.9613092119922,-0.8644658047749251,24.313696,26.487522,7.731256912526387e-17,42.816752549736,51.23974141074159,1
j0022,676,5.511330053064698,-0.4018770497399916,23.266825,24.677794,1.7050788138750807e-16,43.16024690265007,50.35448958072759,1
j0022,452,5.6712160651498,-0.6659639522755798,23.437141,24.683208,1.3679151651675188e-16,43.06456160877181,50.15972536562286,1
j0022,424,5.689338880795054,-0.6849252384528055,24.210094,25.505875,6.852077110685644e-17,42.764324686166304,47.209883534212736,2
j0022,729,5.728297839072344,-0.3576826127615654,23.711653,24.52971,8.23654251827792e-17,42.84424738912403,41.84981831726687,2
j0022,579,5.355860805864452,-0.56321122640773,21.729134,22.873463,6.294472154462996e-16,43.7274617611089,40.26377505784494,2
j0022,339,5.3538653267078615,-0.7720203111078863,24.11127,26.22545,9.233671022722498e-17,42.893876841904174,39.89474298491035,2
j0022,263,6.003071073562037,-0.8321043293104678,22.396595,23.423988,3.1967829581679083e-16,43.43321559581717,39.48855820328683,2
j0022,103,5.45834957291325,-1.0491732928355428,24.23526,25.038128,5.0214143307336e-17,42.6293285021467,39.45124171949647,2
j0022,705,5.349715831870298,-0.3827534505552403,24.658758,26.2334,4.9793824890579347e-17,42.62567793215425,39.37973213462624,2
j0022,459,5.220096393566476,-0.6611828535748018,22.845648,23.86489,2.1038292712075504e-16,43.25151293774484,39.29896818808034,2
j0022,51,5.413909327920228,-1.10232994172909,23.976166,25.209871,8.281916440934863e-17,42.84663328890347,38.80922490156164,2
j0022,2,5.742712812754895,-1.2015227899943943,23.926718,24.958792,7.831551341634913e-17,42.822350243857976,38.7953868086128,2
j0022,191,5.399784076834214,-0.8864582391168826,24.233604,25.029112,4.997834674541341e-17,42.62728433027905,37.6991566603158,2
j0022,443,6.059557878712903,-0.6704062672448052,24.93424,28.24092,4.806964608114405e-17,42.6103733690517,37.6547863133754,2
j0022,461,5.243713873164543,-0.6585179524636691,23.360146,24.829887,1.5955511282360286e-16,43.13141316985198,37.23640394530592,2
j0022,545,5.951553895109114,-0.5907117816696772,24.695906,26.381975,4.955672380967764e-17,42.62360503194532,37.15120731281191,2
j0022,352,6.076088226820282,-0.7596805396357673,24.525373,26.254505,5.85902916712179e-17,42.696328104455056,36.4932971294224,2
j0022,150,5.619390647737853,-0.9204760257683848,23.519262,25.010008,1.3872426156918484e-16,43.07065486619731,36.45292818864717,2
j0022,456,5.95230593008233,-0.6616379673594692,23.919178,24.824963,7.273245965206393e-17,42.79023071916484,35.51286865006508,2
j0022,14,5.350166816228576,-1.175860386037163,24.421192,27.223097,7.482696183401518e-17,42.80256055657394,34.979357796366855,2
j0022,230,5.118803080840417,-0.860565833522567,23.634937,24.487879,9.088169007717823e-17,42.88697883923884,34.89846055309149,2
j0022,484,5.15651845767097,-0.6406254657881061,24.76987,26.186604,4.2794479123404575e-17,42.559890189152576,34.84675579558876,2
j0022,691,5.613535458057261,-0.3907288434981572,24.175533,25.03055,5.5326359474761735e-17,42.67143453863815,34.626327621122016,2
j0022,564,5.61477256258225,-0.5786071337476496,24.3082,25.779325,6.666252212367565e-17,42.75238418528217,34.603160889709855,2
j0022,666,5.411852789135442,-0.4090257932830959,24.656643,25.992544,4.613215298708299e-17,42.59250616805944,34.41305456308144,2
j0022,457,6.0560305374062064,-0.660995565452844,23.412144,25.191212,1.6522413116488267e-16,43.14657592125976,33.552007160648714,2
j0022,179,5.878014864405224,-0.8992913615540904,24.369484,26.559835,7.361356954356222e-17,42.795460321768346,33.27018651477545,2
j0022,190,5.238821392313104,-0.8862285021114905,24.087318,24.894106,5.773379732942188e-17,42.689932567781305,33.13923366191719,2
j0022,686,5.364504666074168,-0.393624238644478,24.223787,25.569248,6.897866833621971e-17,42.767217250324144,31.91648395493785,2
j0022,335,5.33881384466203,-0.77513408222138,24.811113,26.058796,3.861629204452637e-17,42.51527301473365,31.65314644799391,2
j0022,182,5.583354881868744,-0.8955589364744265,23.995848,24.869867,6.62294140039488e-17,42.749553356897536,31.651505716322507,2
j0022,44,5.3346197896587215,-1.111703806209046,24.382126,25.362474,4.990266605665923e-17,42.626626192943824,30.83623262033204,2
j0022,807,5.4769136447822655,-0.2927874999351254,23.738777,25.288754,1.1537193488711554e-16,42.99060262064466,30.27985903018716,2
j0022,495,5.638754066449661,-0.6309722582819021,25.164618,27.973675,3.775037420625343e-17,42.505423705455215,30.025711524502675,2
j0022,375,6.0652439791135615,-0.7337816868089252,24.551533,26.50723,5.994596807205665e-17,42.70626242250406,30.021847427571032,2
j0022,163,5.194633212802367,-0.911997838234245,23.978294,24.892616,6.929219101687018e-17,42.76918673838759,29.765686762679827,2
j0022,284,5.612070161626844,-0.8165556458871058,23.562517,25.215508,1.395843539094209e-16,43.073339185156165,29.728056164439337,2
j0022,619,5.233663556580193,-0.5364132654015136,24.219526,25.307137,6.168207224452045e-17,42.71866140011908,29.568266577217457,2
j0022,91,5.30057760736019,-1.066176621728648,24.697842,25.785824,3.9711716760378025e-17,42.5274211067296,29.217502993981444,2
j0022,56,5.824039412763254,-1.0983797985365156,24.091152,25.07569,6.541122041167521e-17,42.744154696528405,28.736577437902923,2
j0022,573,5.188572938599957,-0.5698437765856804,23.771124,24.652561,8.190776324161667e-17,42.84182751072792,28.63606300717918,2
j0022,360,5.886216513230045,-0.7526808392576468,24.393215,25.571901,5.501804321729473e-17,42.66900758458352,28.312694469610328,2
j0022,455,5.364354539928651,-0.6624260570811418,23.939632,25.137566,8.429699412250316e-17,42.85431453320888,27.539234552619053,2
j0022,303,5.998815106523277,-0.8002084614471079,24.767595,26.821157,4.99660140095651e-17,42.627177149861616,27.53293723702232,2
j0022,488,6.00303962708959,-0.639704090271988,24.670084,26.349945,5.0671339201463517e-17,42.63326482694466,27.439368841309115,2
j0022,697,5.57396796213721,-0.3872541931451868,24.63294,25.561539,3.8291172355575056e-17,42.511601107745264,27.382999572997,2
j0022,654,5.256122399393288,-0.4247153639883776,24.955061,30.124384,4.908823188036006e-17,42.61947983389412,27.2812984197578,2
j0022,139,5.449369500727434,-0.9288068206622894,24.371246,26.260036,6.988465290448206e-17,42.77288425696191,27.2130283479205,2
j0022,808,5.4113744090774105,-0.2919308663948337,24.576824,26.77983,6.092467539436427e-17,42.7132956684087,27.204054142209507,2
j0022,296,5.121130799995518,-0.80637688693392,24.528532,25.388737,4.0128904648811184e-17,42.53195974993285,26.95763726280993,2
j0022,171,5.916090799490347,-0.9057089789158532,24.048069,26.134233,9.74454470380521e-17,42.91726399676431,26.813342942260967,2
j0022,301,5.679352977634716,-0.8022265335660601,24.966064,28.609976,4.730362479465978e-17,42.60339686570465,26.71220908699508,2
j0022,785,5.659733244543993,-0.312138937174577,24.310112,25.976461,7.035227454684626e-17,42.77578058755462,26.534168318854604,2
j0022,534,6.005647009736851,-0.6017623053687928,23.277187,24.109087,1.242789535932137e-16,43.02290003237509,26.21897936295704,2
j0022,550,5.143926425085242,-0.5878549363843298,24.421991,26.002548,6.203038936315232e-17,42.72110695168817,25.73625246644165,2
j0022,141,5.474072620771979,-0.9275678087382726,24.220406,25.120329,5.48818898116549e-17,42.6679315019803,25.34761991027922,2
j0022,294,5.637618916069688,-0.807761131218794,24.748379,26.082027,4.235813066896272e-17,42.55543923021808,24.8425181677843,2
j0022,674,5.475670272627346,-0.4053050310377841,24.142164,25.110077,6.175677485922811e-17,42.71918705210098,24.74460931363096,2
j0022,80,5.408755635706552,-1.0751418122876713,24.872648,26.81819,4.4514988290226316e-17,42.57700870792938,24.5038749291631,2
j0022,65,5.4866230209284925,-1.087190372883384,24.524683,25.794453,5.0743565853101465e-17,42.63388342716993,24.014891254609022,2
j0022,749,5.853749512071857,-0.3418806774587207,24.064335,25.689651,8.729097442896639e-17,42.86947178600766,23.43426010076308,2
j0022,792,5.492617527118454,-0.3055478360792995,23.650688,25.064674,1.198535160269289e-16,43.00715322349403,23.324336822204742,2
j0022,18,5.413360620767019,-1.1590483372328322,24.300978,25.758074,6.680402812200516e-17,42.753305094635785,23.31034149260445,2
j0022,66,5.239024305899576,-1.085207070181591,24.068558,24.923658,6.105901690171643e-17,42.71425225199497,23.23496247488886,2
j0022,589,5.519947810733092,-0.5567665149404909,24.324085,25.279318,5.1803091121071005e-17,42.64285811958631,23.143745079573577,2
j0022,644,5.341727115678691,-0.4371952677595271,23.563934,24.645775,1.1247359297178938e-16,42.97955301337048,22.83471516345736,2
j0022,87,5.703737156961753,-1.0721154951278695,24.512648,25.721497,4.9975493401926877e-17,42.62725953500696,22.670114441292004,2
j0022,187,5.730033837410908,-0.88905998250897,24.206118,25.664358,7.293036928339324e-17,42.79141085708086,22.477770882641,2
j0022,499,5.950186221998368,-0.6269954894390826,23.988098,25.678612,9.52142235780714e-17,42.907204274777214,22.452449157639013,2
j0022,568,5.510867455582174,-0.5764815611167778,24.783957,26.51729,4.621895059683968e-17,42.593322525040485,22.25715824693918,2
j0022,542,5.242062080845859,-0.591659650780636,24.41069,26.314041,6.75825638418727e-17,42.75833710779732,22.23322533991144,2
j0022,192,5.121631642870405,-0.885751275802199,24.167608,25.17609,6.186416823979538e-17,42.719941622696176,21.863785403203835,2
j0022,266,5.809312724095451,-0.8293724086572836,24.175158,25.064957,5.680212446960622e-17,42.68286702362416,21.585202476108684,2
j0022,67,5.895385781848511,-1.0847106694103907,24.073217,25.002436,6.414623965577519e-17,42.73567364695346,21.388073166001234,2
j0022,657,5.297185394360118,-0.424118697889664,24.904758,26.29904,3.7500965882401946e-17,42.50254489810699,21.33442113860729,2
j0022,625,5.699161852359948,-0.5335597523983917,24.031063,24.81163,5.94557385915322e-17,42.7026962229828,21.312162033789,2
j0022,320,5.54955082000209,-0.7849767526173075,24.576632,27.329588,6.460083944159475e-17,42.73874060583658,21.1380151969838,2
j0022,818,5.598552792869563,-0.2747795235053772,24.123404,25.600216,7.917501514937903e-17,42.82709059960143,21.061033800062297,2
j0022,338,5.1632452227332735,-0.7717277961888312,24.323969,25.159895,4.7542101135681256e-17,42.60558081603472,20.99764531159241,2
j0022,225,5.916678108596763,-0.8593510251542025,24.257427,25.527563,6.49156337105404e-17,42.74085174552134,20.836663463317915,2
j0022,773,5.559473318332386,-0.3204919004798497,24.969324,27.023077,4.1495086803243474e-17,42.54649912188091,20.57607017729876,2
j0022,684,5.5596009613710295,-0.3942336110193593,24.574669,26.214382,5.476235857960005e-17,42.66698458910847,20.561048597710474,2
j0022,285,5.254929344841568,-0.8154292194481526,24.985344,26.806568,3.915278794652787e-17,42.52126513669457,20.43581691516945,2
j0022,436,5.463460716826179,-0.675459228200274,24.430786,25.776844,5.701807123446636e-17,42.68451496668581,20.394988536193857,2
j0022,410,5.483971201145199,-0.6988096966648937,24.517529,25.633543,4.757928300423323e-17,42.60592033761144,20.335942611405443,2
j0022,505,5.998922242633288,-0.6226122507802215,24.713144,26.195036,4.6067153826945157e-17,42.59189382546754,20.19100120822436,2
j0022,247,5.768094574124715,-0.8473574743453226,24.141062,26.006233,8.598376243860994e-17,42.86291888931781,20.16089888499948,2
j0022,341,5.563661096948624,-0.7708974158190447,24.776514,27.134455,5.170971879548139e-17,42.64207462048514,19.624867791320487,2
j0022,321,5.709464442507021,-0.7838567759582139,24.442139,26.065737,6.160974235614234e-17,42.71815183709408,19.46551748788282,2
j0022,517,5.589930941808115,-0.6111803049118727,24.456,26.860905,6.984517951472742e-17,42.77263888236277,19.415411004188584,2
j0022,250,5.288690776207868,-0.8455055061351311,24.853947,26.706324,4.4476971535710235e-17,42.5766376526623,19.163580298831924,2
j0022,487,5.550275535539582,-0.6402649220504518,24.51863,25.523026,4.4664237164758437e-17,42.57846236538883,19.0268432779716,2
j0022,329,5.489018542913373,-0.779627704588312,24.287395,25.169281,5.092840320080946e-17,42.63546250406482,19.00496524572888,2
j0022,120,5.226612644302416,-1.0273115510208777,24.225069,25.228231,5.848705066111414e-17,42.6955621661151,18.94835988780715,2
j0022,670,5.295710386233154,-0.407229565331338,24.92215,26.428514,3.8290991597510216e-17,42.51159905760131,18.826141546214643,2
j0022,359,5.175872510542274,-0.7537382363994009,24.37832,25.200966,4.474085323903668e-17,42.57920670659533,18.81785673727973,2
j0022,663,5.489435373283108,-0.4155264684732904,23.901964,25.11984,8.80614393369226e-17,42.87328822404957,18.653683226060576,2
j0022,6,5.603946598778343,-1.1942976148302895,24.591295,27.636726,6.50290985556437e-17,42.7416101782455,18.52839018845097,2
j0022,604,5.632487886787037,-0.5469338416647018,24.261433,25.310007,5.808568969646254e-17,42.69257159489854,18.267673942805423,2
j0022,107,5.815663693201851,-1.0461049559985225,24.563158,25.434654,3.9202083643293856e-17,42.5218115954272,18.1752365317858,2
j0022,288,5.337455057368448,-0.811607244766194,24.841955,27.014688,4.7520194258426186e-17,42.60538065179428,17.95748613707825,2
j0022,494,5.144648685686156,-0.6344327696845701,24.994808,27.775959,4.40478267919675e-17,42.572426930748016,17.395832097836376,2
j0022,326,5.4951749283853175,-0.7801855591689248,24.74943,26.452593,4.737075054353719e-17,42.60401271021616,17.016199755756254,2
j0022,743,5.468495143688449,-0.3465309118850423,24.184916,25.556965,7.219802644782972e-17,42.78702777063664,16.782445472210096,2
j0022,482,5.196398825863329,-0.6420392227895003,24.798964,29.888155,5.664075330673492e-17,42.68163146517894,16.76552033041016,2
j0022,762,5.514152182638934,-0.3329209439260688,24.970861,27.331148,4.324679679759407e-17,42.56445639014122,16.222280731805743,2
j0022,421,5.993865494803168,-0.687043320735764,25.03182,28.047998,4.3264647868204896e-17,42.56463561779376,16.028652149718987,2
j0022,276,5.775728904065887,-0.8241695156289137,24.403803,25.41232,4.9770306909908025e-17,42.62547276330004,15.979060684219322,2
j0022,408,5.7198839047073164,-0.7000311778313345,24.665365,26.33474,5.075850937361338e-17,42.634011304132656,15.91034477315793,2
j0022,298,5.470785465866651,-0.8046931702940082,24.823854,26.744394,4.6344279658130756e-17,42.59449858064815,15.07416230085654,2
j0022,580,5.262167565154909,-0.5610331656598393,24.475489,25.271517,4.001476496421776e-17,42.53072271476989,15.007291253901954,2
j0022,84,5.509792275864302,-1.073572926712048,24.74842,26.609829,4.9107007297325715e-17,42.61964591241588,14.816808244889426,2
j0022,215,5.921189369291736,-0.8674902532632173,24.30368,25.21487,5.1236483926905676e-17,42.638081763355295,14.778963789494885,2
j0022,601,5.257849014713036,-0.5499784651599908,24.403557,25.983486,6.308145065455854e-17,42.72840411649778,14.429241381550076,2
j0022,533,5.156959003258653,-0.601200612431211,24.84071,26.710476,4.518124125388974e-17,42.58346060248044,14.383493854667684,2
j0022,782,5.382740074249077,-0.3128959834801985,24.273502,25.164213,5.191754324262421e-17,42.6438165777622,14.204976763216786,2
j0022,195,5.718769645417066,-0.8834875226087253,24.565453,25.77081,4.7528084084742986e-17,42.60545275216475,13.670973644636124,2
j0022,428,5.198268822831613,-0.681468007317205,24.674004,25.75172,4.036955106691077e-17,42.53455636428716,13.60624824475088,2
j0022,224,5.190967320485777,-0.8593769495180031,24.507458,25.81799,5.241057524697834e-17,42.64792137090913,13.463056601050738,2
j0022,704,5.9369486703653145,-0.3827417669349717,24.3755,25.338799,4.9666411345059866e-17,42.62456522556711,13.209454527803626,2
j0022,415,6.060540624026307,-0.6901373173432251,25.207073,29.166433,3.8232180379879947e-17,42.51093151098348,13.187502058205528,2
j0022,668,5.280723137185519,-0.4090224181179774,24.541422,25.465387,4.152692391236832e-17,42.54683220659836,12.760882026828831,2
j0022,637,5.438656991852352,-0.5249872487475942,24.974592,27.999428,4.5630260815412667e-17,42.587755395598286,12.703731863906274,2
j0022,135,5.412489553153468,-0.9322740346261884,24.767508,27.250673,5.287108241673462e-17,42.65172064616019,12.605050561119535,2
j0022,427,5.134615422401549,-0.682119199592713,24.983309,27.74285,4.444196215765416e-17,42.5762956696929,11.811601258259392,2
j0022,309,5.5747827605939735,-0.7940323537581933,24.09687,24.996342,6.147572191885026e-17,42.71720608188694,11.601808607326454,2
j0022,86,5.237312891671028,-1.072540631133193,24.79558,26.204195,4.1676281356267604e-17,42.54839140574652,10.997068727463848,2
j0022,133,5.928477559073805,-0.932962015936272,24.633587,25.792957,4.368810922072489e-17,42.56886569372894,10.409014367539502,2
j0022,94,5.494533718577589,-1.060830564664751,25.23415,30.699396,3.803951746295047e-17,42.50873744366833,9.994704518059322,2
j0022,695,5.682874482479225,-0.3876371884680853,24.702902,25.865438,4.1048675866684185e-17,42.54180159682674,9.880550527019077,2
j0022,365,5.633526907097034,-0.7489445809500999,24.05719,25.310207,7.750434410286326e-17,42.817828489766086,9.446270008475874,2
j0022,308,5.258262653333818,-0.796626835751766,24.785988,26.228056,4.2525759939183715e-17,42.5571545276951,6.88638523848874,2
j0022,249,5.222361864023789,-0.8470494943328963,23.499847,24.682291,1.2549221757112312e-16,43.02711923823888,6.7816267683411535,2
j0022,632,5.952763531118886,-0.5305451510350868,24.297386,25.081858,4.668139773445433e-17,42.5976462956732,4.602147607696467,2
j0022,214,5.24410398998565,-0.8678666934263978,24.098152,25.496834,7.895085870834442e-17,42.82585930242964,0.0,2
j0022,200,5.241412213813408,-0.8805178540576944,24.281088,25.572636,6.407460116592886e-17,42.73518835604646,0.0,2
j0022,417,5.959838530897661,-0.6890486633029285,24.139132,24.944086,5.4958894986422076e-17,42.66854043659452,0.0,2
j0022,164,5.343317132378204,-0.9106471760884808,24.397068,25.411098,5.0245600150839216e-17,42.62960048241517,0.0,2
j0022,585,5.938026082427292,-0.5579920175339672,24.481386,25.312416,4.0965246387296004e-17,42.54091801574614,0.0,2
j0022,234,5.18609436635066,-0.8564347573209989,24.623852,25.543503,3.837668369550519e-17,42.51256988711081,0.0,2
j0022,38,5.284089733436427,-1.1163058653600346,24.57419,25.426973,3.825796872437814e-17,42.51122435225176,0.0,2
j0022,577,5.909349113453253,-0.564693016093998,25.095512,26.39338,3.0340151123117105e-17,42.41052018411949,70.53757967457523,3
j0022,237,5.179578282669012,-0.8540796794676996,24.608849,25.428234,3.608597607334688e-17,42.4858409012883,68.16807242212467,3
j0022,610,5.8489048818916896,-0.5401738485974733,24.64662,25.54859,3.711733441491365e-17,42.4980792242244,65.50159794051763,3
j0022,687,5.594916678373975,-0.3926137448281105,25.095097,26.349237,2.981055015534377e-17,42.40287243549455,58.31463225916879,3
j0022,197,5.121685127436602,-0.8829636138624922,25.246563,26.668123,2.763291717044116e-17,42.369929179688974,55.22517461709266,3
j0022,722,5.402210110921968,-0.3672080052681846,24.999857,26.16493,3.126406444923078e-17,42.42354788177432,49.97936643005177,3
j0022,578,6.056168594449408,-0.5635658862959008,25.206223,26.895159,3.0994391554916037e-17,42.4197855596772,47.52226812234053,3
j0022,138,5.308369329488456,-0.930847007421916,25.34677,28.00257,3.152617161625982e-17,42.42717367981623,45.84492330056149,3
j0022,291,5.480759993752562,-0.8112209378267425,24.926859,25.750141,2.7009280137532488e-17,42.36001545380555,44.36775739183227,3
j0022,631,5.810916954791922,-0.5302365573759049,25.137539,25.921598,2.1524183694172577e-17,42.26142913425576,41.58086058954794,3
j0022,157,5.995130740756779,-0.9147311890894704,25.03375,26.060247,2.8159412935274317e-17,42.378126040894365,41.352468756507605,3
j0022,289,5.14412265095841,-0.811712820618979,25.28351,26.258635,2.168403347952521e-17,42.26464251360669,40.80213201044907,3
j0022,598,5.487287139589764,-0.5504322901206447,24.89056,26.070253,3.481547911447784e-17,42.470274820571376,40.54047358048254,3
j0022,43,5.279630451742863,-1.1111037277335094,25.020063,25.904703,2.598783218859505e-17,42.34327249818908,40.42633325660516,3
j0022,220,5.586036614625674,-0.8649756892401818,25.218792,26.768187,2.9513497554696715e-17,42.39852312392538,40.3559920262806,3
j0022,405,5.820078826508227,-0.7026907980701416,25.790985,27.214811,1.6749147737748398e-17,42.152495157789886,39.82091929571082,3
j0022,574,5.737201052900389,-0.5686086158496255,25.511717,26.351885,1.5974863216172168e-17,42.131939592684766,39.22544484066372,3
j0022,510,5.397340838927239,-0.6187065999471433,25.014673,26.503473,3.497225181937146e-17,42.4722260413452,39.08408664774699,3
j0022,387,5.248949049890761,-0.7207992955237678,25.034788,26.6693,3.579670129142727e-17,42.48234545219442,39.033409480046,3
j0022,715,5.622220602458823,-0.3707868209482208,25.414047,26.483557,2.032788839093021e-17,42.23659471204007,39.01287792273416,3
j0022,718,5.388289574547011,-0.369302051870909,25.183052,26.154337,2.372818032457791e-17,42.30376687861874,38.78343807511207,3
j0022,354,5.118183175213614,-0.7587556110334106,25.075645,25.979574,2.5036343257569962e-17,42.327073341720215,38.640313289433415,3
j0022,429,6.008670432213442,-0.6795007340948733,25.276072,28.019228,3.389403370291698e-17,42.45862570142523,37.39485341201173,3
j0022,576,5.268441579064435,-0.565927874613159,25.338293,26.324112,2.075594813845687e-17,42.24564502134015,36.838619115110745,3
j0022,541,5.944593731103916,-0.5917329351527761,25.606194,26.434357,1.450415968132417e-17,42.08999501687174,36.75941713708593,3
j0022,677,5.718420511065667,-0.4003298187557712,25.355469,26.9897,2.664026523118977e-17,42.35404098882661,36.58332367225773,3
j0022,516,5.638343369274332,-0.6123284487637067,25.389317,28.427006,3.1167266760065304e-17,42.42220116258261,35.54869183305033,3
j0022,717,5.440579336212069,-0.369818205137522,25.384403,26.337475,1.948114887200518e-17,42.21811700963339,35.08161418286529,3
j0022,125,5.847843058988072,-0.9450476183004948,25.62343,26.6664,1.6515308093393464e-17,42.146389124334405,34.64913934446432,3
j0022,378,5.251668379517778,-0.7313838085325695,25.862188,29.34198,2.0600456524971485e-17,42.24237928929841,34.41599768563268,3
j0022,641,5.223355402193838,-0.4428428143135595,24.79151,25.578913,2.968915122767348e-17,42.401100226346216,33.9014409958697,3
j0022,131,5.144214033939651,-0.9370177424184728,25.097425,26.16599,2.7196664098595637e-17,42.36301808186051,33.81352567073851,3
j0022,228,5.30078315577858,-0.8574449874756118,25.531893,27.414463,2.396576375432532e-17,42.308093718346505,33.473286228212274,3
j0022,673,5.56709949835812,-0.406058686185667,24.857697,26.041105,3.594779437670945e-17,42.48417469329763,33.41773265624841,3
j0022,252,5.522211567819939,-0.8446949992765849,25.324043,99.0,3.524653270938657e-17,42.47561884524089,33.39080754553605,3
j0022,8,5.441164260022984,-1.1858962189336535,25.083527,26.03975,2.575487363805523e-17,42.33936186788858,32.929929522182064,3
j0022,34,5.400818274820329,-1.1228786865633742,25.269522,26.743841,2.752936530162981e-17,42.3682986431692,32.76911148266738,3
j0022,779,5.396429698422417,-0.3154297415872607,25.11022,26.375431,2.953536734141548e-17,42.398844821155066,32.76290440152796,3
j0022,10,5.688377485778567,-1.1859193792383738,24.801334,25.815231,3.462240170262536e-17,42.46785963538235,32.61536567372571,3
j0022,634,5.27881289881287,-0.527969856887705,25.67444,26.564232,1.4277414676935274e-17,42.083152017922586,32.574312437560856,3
j0022,390,5.724245114204525,-0.7137717476758909,25.458208,27.023401,2.3781051172178745e-17,42.3047334918904,32.40622837510166,3
j0022,19,5.609581991492484,-1.15237679758883,25.051416,26.15214,2.8868114157110494e-17,42.38892085847827,32.07734010700687,3
j0022,347,5.362017226209496,-0.764723036861734,25.12235,26.604065,3.1599826059758124e-17,42.42818713652416,32.04750318883444,3
j0022,547,5.196300691004725,-0.5887433044801207,25.341282,26.148071,1.8190510452064418e-17,42.18834733062593,31.24727652766284,3
j0022,493,5.246333875804385,-0.6364832593329545,25.06141,26.324741,3.0869187373990503e-17,42.41802764136498,31.11406517928477,3
j0022,159,5.549240801463307,-0.913868347008594,25.465782,26.319118,1.6837219648560428e-17,42.154772821944896,31.025588427320656,3
j0022,422,5.23073952019832,-0.6853873714244094,25.520369,29.551086,2.869787249471808e-17,42.38635214613931,30.959907523857773,3
j0022,180,5.4422428488668215,-0.8982996426985566,24.79554,25.745636,3.34434362696729e-17,42.4528133387134,30.75073005376005,3
j0022,100,5.551386364649347,-1.0532363214041416,24.87697,25.74023,2.918036690982252e-17,42.3935931928088,30.6960317260137,3
j0022,304,5.703846635050964,-0.7991872304668137,25.097647,26.83768,3.467547592351041e-17,42.46852487497,30.41638335129742,3
j0022,7,5.386117648846441,-1.1921143261539615,24.685684,25.58243,3.5672267540271035e-17,42.480833161000646,30.392544370465195,3
j0022,532,5.120107312771723,-0.6011955869213327,25.646338,26.495117,1.4207447836084526e-17,42.081018514628056,30.21948042283801,3
j0022,315,5.780318298201983,-0.7872415627348706,25.932808,27.311514,1.4468150726285085e-17,42.08891546896513,29.629568447995144,3
j0022,772,5.842977218809033,-0.3232366344440534,25.906322,28.248549,1.823197622065621e-17,42.18933619019663,29.59985035303416,3
j0022,172,5.578434481858407,-0.904370583787304,25.336,27.132206,2.819471566028728e-17,42.37867016360754,29.4540185301446,3
j0022,218,5.1736433944754445,-0.8656846498160801,25.0574,26.603552,3.421109640718151e-17,42.462669437263536,29.42714851992558,3
j0022,460,5.71851328607778,-0.6576978991212763,25.060764,25.863548,2.34743602658686e-17,42.29909620996458,29.05377731957971,3
j0022,559,5.6165236477855,-0.5824818845331649,24.968517,25.928873,2.870978479843096e-17,42.38653238160222,29.037625523579635,3
j0022,474,5.286946389182425,-0.6466722268695704,24.953129,25.84045,2.7694515335508965e-17,42.37089621369094,29.010613754370183,3
j0022,181,5.377656065968597,-0.8964198818847705,25.67523,26.765623,1.6162997593140302e-17,42.1370243527193,28.795361275811715,3
j0022,468,5.30648407060537,-0.6517428337209956,24.801926,25.74985,3.31997208726255e-17,42.44963687683849,28.7525813307404,3
j0022,118,5.834431820289222,-1.0288418731776867,25.267189,26.270739,2.240339569551428e-17,42.27881629404604,28.45753142815564,3
j0022,660,5.524418823866163,-0.4189931725975701,25.60339,99.0,2.7250696117437518e-17,42.36388004524088,28.20038060597778,3
j0022,373,5.604817366857727,-0.7369193330366229,25.683607,27.489164,2.051183595172653e-17,42.24050697893888,28.065191781298783,3
j0022,737,5.5611876247266,-0.351508968881974,25.13581,26.296488,2.7526301597014893e-17,42.36825030845328,28.02473352422902,3
j0022,281,5.568684006938973,-0.8192661085409281,25.92774,27.726889,1.6358729325396457e-17,42.14225201100738,27.5016236908482,3
j0022,643,5.658328396350565,-0.4376168339023302,25.490091,26.342363,1.6450918657290948e-17,42.14469259942943,27.34908421300892,3
j0022,453,5.160996344388176,-0.6628848929172905,26.10245,28.867943,1.5861333688573642e-17,42.12884214630832,27.236834516879387,3
j0022,46,5.3993139883625245,-1.1107634908207864,25.47412,26.35857,1.7103573718808388e-17,42.16158930831356,27.14993936030812,3
j0022,728,5.616581827688573,-0.3584439524044006,25.82786,27.802614,1.8566102782533878e-17,42.197223194851375,26.97767275192937,3
j0022,53,5.81250750260964,-1.101011759512491,25.132555,26.858503,3.3467792614315487e-17,42.45312951364311,26.68823288473022,3
j0022,780,5.474483461069568,-0.3152558648637861,25.829655,99.0,2.2124405045874534e-17,42.273374045240885,26.584417296673383,3
j0022,337,5.569160934680838,-0.7726595375169644,25.52355,26.579618,1.8241256612529642e-17,42.18955719737117,26.40786105689273,3
j0022,52,5.811073398136909,-1.101050194612096,25.532284,26.451263,1.661471280951351e-17,42.148995283223606,26.347106634262325,3
j0022,300,5.146806230797745,-0.8027697337404989,25.260105,26.582954,2.6329673808891327e-17,42.34894792324355,26.207858664830304,3
j0022,509,5.5992586705775285,-0.6206525120788555,25.65805,26.575743,1.4784261586556384e-17,42.098302082628784,26.118862323401338,3
j0022,13,5.411802713313867,-1.175800112953536,25.672495,26.600403,1.4691702112598202e-17,42.09557455851284,25.87043885280537,3
j0022,295,5.810828737525882,-0.8069233679256835,26.082594,28.499567,1.563459486320864e-17,42.12258907637973,25.78830833688349,3
j0022,430,5.274585707075327,-0.6787931478349004,26.088285,29.066418,1.6312457180567054e-17,42.14102182914066,25.777218075869115,3
j0022,149,5.450308092847952,-0.9194393944633554,25.609398,99.0,2.7100318860364125e-17,42.36147684524089,25.70013986372623,3
j0022,551,5.276300109457288,-0.5874958304052701,25.253061,28.424032,3.559958557968436e-17,42.47994738677205,25.68922205442988,3
j0022,151,5.416535163364954,-0.9193270923660454,25.333609,26.19644,1.9155514512688097e-17,42.21079626598446,25.39727842638909,3
j0022,274,5.389460578082864,-0.8253093421056023,25.639303,26.744219,1.683509574104803e-17,42.1547180350196,25.382945698739107,3
j0022,583,5.886186679085522,-0.5592822677102012,25.64298,27.231855,2.0193699601395124e-17,42.23371833592817,25.36146030592223,3
j0022,69,5.81845937121918,-1.0835889804598848,25.6295,28.526104,2.4756926585690985e-17,42.32219917326778,25.28705668638503,3
j0022,471,5.280323033577769,-0.6489253363418076,25.161587,26.316917,2.68110819108964e-17,42.3568167839347,25.02591157296017,3
j0022,5,5.467660078226459,-1.1954791045616324,25.13003,25.911499,2.162467507293813e-17,42.26345203504295,24.843924538127087,3
j0022,161,5.578266634199413,-0.9124531674688016,25.381418,26.988768,2.5825083767119788e-17,42.34054418334569,24.74197874860541,3
j0022,169,5.163777350930311,-0.9068121196408664,25.275383,26.391212,2.3672006182140386e-17,42.30273751003159,24.703472534181905,3
j0022,418,5.82827288327994,-0.6881391598550135,25.267963,26.82847,2.8297406372058886e-17,42.38024907609952,24.5729638379428,3
j0022,55,5.450897245123713,-1.098863383731915,25.307945,26.472427,2.3533544308708758e-17,42.30018978420644,24.50401333940181,3
j0022,207,5.698764902493744,-0.8718723115740591,25.610237,26.41515,1.4176893175561758e-17,42.08008351137528,24.480248721358507,3
j0022,462,5.6161793803081945,-0.6561822037269087,25.332872,26.867317,2.6453481957285106e-17,42.35098528889522,24.43325577969336,3
j0022,305,5.35640781610076,-0.798692247634861,24.995537,25.827242,2.5526416097754042e-17,42.33549228871026,24.294680445030068,3
j0022,658,5.262957630453652,-0.4212343331807502,25.411491,26.266865,1.7728339805748617e-17,42.17717051187299,24.223832696825752,3
j0022,128,5.477412605855907,-0.939705795783644,25.006231,25.864832,2.581344969554295e-17,42.34034849176289,24.212137791213067,3
j0022,819,5.565639659724233,-0.2735263879607457,24.890795,25.897243,3.1741857730381e-17,42.43013478522868,24.13009428957804,3
j0022,40,5.608965225880922,-1.113245537572397,25.592283,26.939056,1.956726715706672e-17,42.22003261904521,24.09645832958041,3
j0022,679,5.304426154694487,-0.3996602624231606,25.47483,26.435604,1.8014503380856322e-17,42.18412473856569,24.06684228136029,3
j0022,162,5.176367908753785,-0.9124797409219634,24.73068,25.513523,3.127594354282679e-17,42.42371286495953,23.766585606858044,3
j0022,725,5.290492625856298,-0.3630631735044565,25.059904,26.457825,3.254918364896522e-17,42.441042545160975,23.58258046305236,3
j0022,735,5.812572312251176,-0.354674412433162,25.36328,26.284477,1.9442839122660984e-17,42.21726212713174,23.53727002402021,3
j0022,102,5.908153166901283,-1.048964256446634,24.683931,25.504433,3.3705575457196077e-17,42.45620419073176,23.52573751219376,3
j0022,90,5.829722113754918,-1.0666729150388563,25.778767,26.857538,1.4601484622446616e-17,42.092899459871006,23.48993486316129,3
j0022,774,5.566123723525697,-0.318956953766469,25.744448,99.0,2.3930644808225602e-17,42.307456845240885,23.21459198172094,3
j0022,108,5.45356578019196,-1.0445535244875372,25.052767,25.841017,2.335677113036693e-17,42.29691524962979,23.14409149432711,3
j0022,265,5.384805693439535,-0.8302051169454622,25.16419,26.528412,2.9213001268008406e-17,42.39407862201414,23.08915274546484,3
j0022,382,5.585012156190264,-0.7244242896520202,25.336403,26.43964,2.2232842526603625e-17,42.2754974363846,23.06416974028781,3
j0022,539,5.560228907626845,-0.5924848423005676,25.532362,26.44982,1.659602454735403e-17,42.14850651298633,22.879387440122645,3
j0022,701,5.797060189031059,-0.3840138359225392,24.952322,25.749134,2.5809333646912825e-17,42.340279236403326,22.72896632161789,3
j0022,816,5.698452628061945,-0.2795566537285847,24.896435,25.709538,2.754622240917281e-17,42.36856449413221,22.70661939940533,3
j0022,391,5.715223567007714,-0.7108672705254325,25.317913,27.588234,3.106643929362592e-17,42.42079392353519,22.59749058869341,3
j0022,258,5.7991467396556855,-0.8373064560700135,25.738369,27.441675,1.905240110799821e-17,42.20845216054672,22.591027185479685,3
j0022,464,5.924308393263424,-0.6536728473241332,25.576508,26.429375,1.519927459571879e-17,42.11032530565456,22.52732715545848,3
j0022,313,5.401639344554792,-0.7892576935372337,25.786839,28.238747,2.0608649163147386e-17,42.24255197043475,22.38668175523125,3
j0022,491,5.718050861536986,-0.6374631132908248,24.649176,25.480055,3.509514464769512e-17,42.47374948119385,22.25379708755564,3
j0022,599,5.176548233561792,-0.5496765962134962,25.61063,26.650366,1.668026333333696e-17,42.15070534707481,22.236403729876365,3
j0022,178,5.922920608642263,-0.9015771955696464,25.347483,26.25593,1.955337063066092e-17,42.21972407678564,22.205233293649773,3
j0022,524,5.774256517585631,-0.606741217245396,25.557747,26.402311,1.5364730267938012e-17,42.11502738495975,22.1399232576191,3
j0022,389,5.941714617004971,-0.7152866823740178,24.984085,26.080395,3.0643768154150435e-17,42.414844612336864,21.931061058915823,3
j0022,11,5.702311522732225,-1.1823698683118868,25.453928,26.863363,2.273385152126668e-17,42.2851754636746,21.86158274656528,3
j0022,528,5.439501091478298,-0.6037709390245767,25.255653,26.040625,1.9320827018978958e-17,42.21452815670926,21.85776937551938,3
j0022,280,5.614388983931887,-0.8207946332450757,25.296026,28.1045,3.344560723236787e-17,42.452841529791336,21.665127987388328,3
j0022,669,5.387846878049858,-0.4073894654642138,25.368677,26.454578,2.138459720200779e-17,42.258603518804726,21.62757556245431,3
j0022,122,5.826319000955767,-1.0240095672346623,25.474154,26.981813,2.30391942097788e-17,42.290969730132176,21.52506761168064,3
j0022,437,5.272468292577661,-0.6732563890363152,25.435364,26.218285,1.6344300888222515e-17,42.1418687932436,21.47901219148576,3
j0022,318,5.304358357284287,-0.7856913643612977,25.05529,26.326193,3.114168711428819e-17,42.42184458141912,21.38159278662879,3
j0022,372,5.736894852482704,-0.738337210863795,26.012691,27.755728,1.4938509790556292e-17,42.10280972051858,21.172307050202825,3
j0022,47,5.623942609691529,-1.1106658588362677,25.423288,26.245514,1.7083182191578992e-17,42.16107121710732,21.008684953987498,3
j0022,306,5.58421314965269,-0.7982838732166516,25.889803,27.55616,1.6421114229028016e-17,42.14390506661559,20.96030710859292,3
j0022,431,5.119089174159391,-0.6790066539149285,25.533112,26.867239,2.056472379202711e-17,42.24162532526768,20.75566976498986,3
j0022,747,5.775483001707896,-0.3432828794883769,25.00869,25.88426,2.6086458492564376e-17,42.34491756757895,20.74223356141509,3
j0022,41,5.828151986557423,-1.1121874555234357,25.032757,25.906878,2.5487092825603718e-17,42.334822745138446,20.668943954270432,3
j0022,661,5.282044829278411,-0.4184047601480691,25.479273,26.27428,1.5860934180169708e-17,42.12883120734923,20.63311751307437,3
j0022,209,5.157384000768564,-0.8692797927548543,25.407518,26.296848,1.8250414853323305e-17,42.189775185386765,20.440779142898656,3
j0022,334,5.561812157124297,-0.7760193675834302,25.078724,26.802317,3.514938489391383e-17,42.474420173829,20.409069262616185,3
j0022,144,5.670802148845469,-0.92397749499661,25.087017,25.905857,2.322082897957098e-17,42.29438016437646,20.378892414238045,3
j0022,129,5.132686801896414,-0.9392900242679588,25.119314,25.96424,2.301553869988941e-17,42.290523588870855,20.3620414747104,3
j0022,210,5.591767904180281,-0.8688898686703098,25.206413,26.436033,2.6623024068865842e-17,42.35375982925052,20.30981487089595,3
j0022,492,6.05063068220941,-0.637135241753716,25.600332,27.069002,2.026222080684709e-17,42.23518948821327,20.26631888979916,3
j0022,16,5.573923476898765,-1.1645978853212675,25.402422,26.552563,2.1423128561077494e-17,42.25938533848073,20.22336526278195,3
j0022,796,5.610916593155713,-0.300547948361593,25.52291,27.406994,2.417209231582587e-17,42.31181668865642,20.219365358912043,3
j0022,158,5.172480685128863,-0.914035436220862,25.460936,99.0,3.107128401624779e-17,42.42086164524088,20.17295756937274,3
j0022,566,5.444124142706451,-0.5773685832621424,25.455685,26.434647,1.854905480683679e-17,42.19682422888844,20.16116948458711,3
j0022,626,5.941779685055279,-0.5328961317980295,25.18413,25.981955,2.0865430213828268e-17,42.24792978809929,20.15707352433473,3
j0022,671,5.285441447304931,-0.4064041873856155,25.646582,26.91003,1.800850475922943e-17,42.18398009943475,20.11487264693275,3
j0022,57,5.885569665173588,-1.096805661661279,25.38904,26.773603,2.392389372973401e-17,42.30733430906167,19.953813106688344,3
j0022,645,5.953038501228146,-0.4351750964015176,25.011518,25.876286,2.5808783028502005e-17,42.3402699710309,19.70047835857321,3
j0022,89,5.240333236299902,-1.071330149145856,25.637403,26.516272,1.4655184557569942e-17,42.09449373648186,19.61949451749585,3
j0022,800,5.568764726126608,-0.2979305725148751,24.979431,25.82671,2.622841368295738e-17,42.34727446933983,19.526514259189668,3
j0022,170,5.260256439074103,-0.9070365257663234,24.629335,25.4929,3.6664449070014536e-17,42.49274760801303,19.44346011039292,3
j0022,376,5.50531249442397,-0.7325470871303544,25.100273,26.48376,3.1201228733281586e-17,42.422674141733495,19.378153958930987,3
j0022,425,5.266111241452208,-0.6834735353969545,24.942005,26.24205,3.49782288532877e-17,42.47230025935855,19.360641997159423,3
j0022,216,5.176056598679083,-0.8673544366527993,24.690758,25.58422,3.5422182311154076e-17,42.47777775841385,19.23431534218157,3
j0022,361,5.836239041170215,-0.7518805736324485,25.035995,26.78126,3.674593630047988e-17,42.49371176230518,19.217024959646487,3
j0022,287,5.151633831625159,-0.8114373704030596,25.687532,26.817554,1.631198891127155e-17,42.141009362000496,19.20615149994297,3
j0022,727,5.852498703181844,-0.3595370234945292,24.837582,25.62783,2.8525589178287214e-17,42.38373706772446,19.13471366825795,3
j0022,142,5.46335657305887,-0.9263087963723894,26.06498,28.79715,1.6374806037128546e-17,42.142678608848186,19.10427074877365,3
j0022,639,5.609346350011293,-0.444176199147868,25.027325,26.118988,2.9374960067773787e-17,42.39647972936107,18.99284217610195,3
j0022,17,5.6324859881781775,-1.160633451266546,25.149336,25.962769,2.182830618378814e-17,42.26752248142487,18.984511089394783,3
j0022,586,5.70916757017926,-0.5578378021180305,25.237194,26.430347,2.545861054449529e-17,42.33433714191823,18.90694133589754,3
j0022,26,5.812495536292365,-1.1376524742420835,24.745792,25.617441,3.313639356924338e-17,42.44880768426371,18.88606377308692,3
j0022,511,5.1911888463260345,-0.6184575249935763,25.154127,26.376627,2.78491058329572e-17,42.37331370005364,18.831619262469825,3
j0022,441,5.611450452883005,-0.6702633601579785,25.58722,27.148485,2.109299578408066e-17,42.2526407103107,18.82129372664993,3
j0022,665,5.301941304266507,-0.4106592750805727,25.117401,25.920954,2.2295631389214895e-17,42.2767222200896,18.74051917321693,3
j0022,336,5.957986450729803,-0.7739536342401525,25.281647,27.137247,3.0015162948560585e-17,42.40584314988804,18.69995102501433,3
j0022,810,5.516563842416842,-0.2892221391246864,25.429337,30.60576,3.171694999793413e-17,42.4297938619841,18.66215630282135,3
j0022,312,5.629537205605264,-0.7900155362572243,25.510132,26.386402,1.6446141287858793e-17,42.14456646139761,18.46278423561392,3
j0022,680,5.262615501816088,-0.3986526756963952,25.4753,26.278309,1.6027344297638718e-17,42.13336401095388,18.423093555269453,3
j0022,332,5.175192079467501,-0.7764250481698745,26.163027,28.577599,1.4514332572767568e-17,42.090299514483895,18.35832507856772,3
j0022,667,5.3638567076199735,-0.4087865186162391,24.96804,25.900799,2.820235223556769e-17,42.37878777690372,18.342006144397004,3
j0022,733,5.493567587194848,-0.3550527611530751,24.97312,25.788914,2.5724767450666402e-17,42.33885390193279,18.26155047445123,3
j0022,770,5.690105860929411,-0.3256048801091316,25.036274,26.636206,3.541778678404306e-17,42.47772386360853,18.22159721516784,3
j0022,508,5.195409210888492,-0.6210450665438673,25.191242,27.601164,3.5504621771478446e-17,42.47878733495677,18.19723650024762,3
j0022,261,5.243030994960997,-0.8331240788853023,24.951746,25.999502,3.074274897432725e-17,42.41624514337468,18.10352502333008,3
j0022,28,5.307292300438431,-1.1309541046590057,25.29832,27.3327,3.0549720442061935e-17,42.413509684863655,18.09739576295965,3
j0022,246,5.674757563247343,-0.8486146727374644,25.636824,26.649149,1.6023357235296736e-17,42.13325595970382,18.088957052542057,3
j0022,314,5.633475380930944,-0.7876816958371338,25.540047,27.507847,2.4171593999829065e-17,42.311807735434016,18.039278356637784,3
j0022,110,5.446274708832446,-1.0437909695579104,25.283087,27.766197,3.288396025834677e-17,42.44548655912963,18.012494232146985,3
j0022,231,5.1871756219785565,-0.8568393411084521,25.560776,27.024324,2.0979385273445445e-17,42.25029520304231,17.952857961212793,3
j0022,603,5.154732673354326,-0.5466841529341193,25.102964,26.312506,2.902459700453186e-17,42.3912686428985,17.901587447019246,3
j0022,572,5.901574729062339,-0.5701082364840231,24.67405,25.56648,3.594471223392828e-17,42.48413745554738,17.898150797865455,3
j0022,614,5.848712160320214,-0.5382612014454067,25.683418,27.635532,2.1121367084742256e-17,42.25322446902881,17.765678568486916,3
j0022,789,5.490719357578251,-0.3085040462088397,25.723667,29.533089,2.3662794573590573e-17,42.3025684779136,17.74212375782691,3
j0022,472,5.132674218454186,-0.647840302720154,25.488337,26.318462,1.6192731225703558e-17,42.13782255178052,17.68711270910894,3
j0022,784,5.491173908784841,-0.3116982100738562,25.356064,29.24414,3.3269239540335333e-17,42.45054531845084,17.47332295121975,3
j0022,97,5.340122702878167,-1.056335764848178,25.297768,27.831121,3.260815905470095e-17,42.441828725174176,17.272045541604953,3
j0022,476,5.715834749252998,-0.6440619242514024,25.39107,26.209167,1.7538497081188985e-17,42.17249481927552,17.26937135475989,3
j0022,206,5.658029758480782,-0.8731400920748946,25.046682,25.976933,2.6187254576277257e-17,42.34659241463448,17.249936628961354,3
j0022,236,5.282742574521428,-0.8544953521951052,25.293758,26.269005,2.148198483599917e-17,42.26057685014139,17.21831335064799,3
j0022,771,5.469432807001675,-0.3234780884858696,25.62721,26.50399,1.4770564234175144e-17,42.097899530096896,17.203630844819227,3
j0022,121,5.731618167638143,-1.025817554648132,25.144411,26.092434,2.4219704077038414e-17,42.31267127697021,17.10504689797712,3
j0022,595,5.792083404836689,-0.5529659754697986,24.783464,25.794565,3.5138192174876575e-17,42.474281858173256,17.073231418053904,3
j0022,328,5.2980016060456,-0.7788816674577326,25.412766,26.666792,2.224751036237734e-17,42.27578386218634,17.062173313928902,3
j0022,64,5.515663779987295,-1.0849401077235017,25.552801,26.541979,1.7070462993979158e-17,42.16074774489478,17.051482095282406,3
j0022,560,5.884926002078032,-0.5823158429807882,25.73043,99.0,2.4241617858017208e-17,42.313064045240885,16.976399929153377,3
j0022,812,5.5480336223406415,-0.28639770790339,25.72083,27.04141,1.72097216452633e-17,42.16427629044624,16.96506029148904,3
j0022,397,5.288134102856492,-0.7068494577804868,25.4745,26.372002,1.7259955933329842e-17,42.1655421270358,16.865320657680293,3
j0022,30,5.276034565611704,-1.12564586370454,24.830395,25.819363,3.32010027564832e-17,42.44965364518244,16.8304431294088,3
j0022,721,5.3794433599507165,-0.3679482572675533,24.798767,25.749662,3.336171682524005e-17,42.45175083620157,16.698852380640307,3
j0022,730,5.806859414775111,-0.3568003901312423,25.425175,27.202179,2.5861981675179388e-17,42.34116424410747,16.58859532431958,3
j0022,193,5.37808518667345,-0.8850970477050955,25.102617,26.695724,3.325596694053707e-17,42.450372024229466,16.536842384572985,3
j0022,394,5.375067420433858,-0.7088362822152244,24.780869,25.624857,3.141089167685109e-17,42.42558270956976,16.49243115248229,3
j0022,570,5.635211944051711,-0.5743254112981272,25.104986,26.449347,3.062356157997266e-17,42.41455814305479,16.488450177896134,3
j0022,241,5.327948664608094,-0.8525494007536066,25.08258,25.880823,2.291930118346992e-17,42.28870381618452,16.47835930151446,3
j0022,101,5.338203528065076,-1.050467519756893,25.511475,26.359861,1.6081575779408796e-17,42.1348310460094,16.406934893011652,3
j0022,783,5.843270744497022,-0.3125410408311919,25.162672,25.982187,2.1669824522680453e-17,42.264357838975336,16.367426774353373,3
j0022,714,5.615061977932199,-0.3717904886926773,24.945871,25.737226,2.5842362263486177e-17,42.34083465467663,16.276157211709915,3
j0022,522,5.132411832406726,-0.6085712802180742,24.794756,25.597778,2.9997420766762967e-17,42.40558635934849,16.176284434471732,3
j0022,152,5.416196009043417,-0.9184562266156828,25.196724,26.040894,2.141904864022809e-17,42.25930262153064,16.13012473747343,3
j0022,731,5.828048633126815,-0.356252836128857,25.512419,26.306675,1.537417975704154e-17,42.11529439905364,16.123107868401878,3
j0022,188,5.499263416174968,-0.8884466852077301,25.554613,26.56013,1.721317826687748e-17,42.16436351097106,16.003092132637338,3
j0022,519,5.778912734158659,-0.6095597174156183,25.036194,25.942379,2.600426710437056e-17,42.34354706273126,15.892847286549303,3
j0022,353,5.79747271848135,-0.7589999164232141,25.365883,26.250721,1.8901878453790896e-17,42.20500741062088,15.8038792558223,3
j0022,109,5.248275206231857,-1.0436434731961213,25.75436,26.924486,1.5641948946065684e-17,42.12279330851501,15.775841068522096,3
j0022,420,5.222781374267629,-0.6874311922401225,25.767319,27.42346,1.833440842725378e-17,42.19176934616131,15.65550894884201,3
j0022,556,6.009260953472848,-0.5837078349094028,24.842165,25.834795,3.291742350772961e-17,42.44592827950007,15.6542774557227,3
j0022,324,5.327595403720868,-0.7816019542026913,25.382463,26.2316,1.8121195529828208e-17,42.18668929093925,15.530003098438396,3
j0022,357,5.186211777303825,-0.7557607442065466,24.80084,25.653429,3.1045372243464216e-17,42.42049931599567,15.52109506750395,3
j0022,507,5.739917784498404,-0.6209751990043625,25.911108,27.535917,1.592948182533712e-17,42.13070409320109,15.471568718131811,3
j0022,587,5.148508154319741,-0.556920619552075,25.23436,26.756742,2.88618635381538e-17,42.38882681342784,15.466623593072528,3
j0022,271,5.154499476920376,-0.827859940442003,25.661186,26.699587,1.5909171661121798e-17,42.13015001239202,15.45503971433936,3
j0022,134,5.345461393816078,-0.9323402860786006,25.552961,26.989534,2.094439659210476e-17,42.24957029731638,15.379733812131771,3
j0022,518,5.249542240446777,-0.6097815966988558,25.38765,26.164879,1.6993633322944438e-17,42.15878868756676,15.377963714764352,3
j0022,63,5.40607740551324,-1.0862901166224177,25.968405,28.79018,1.802260984520732e-17,42.18432012562528,15.372470932899995,3
j0022,650,5.602880185999018,-0.430463951951015,25.402563,26.290005,1.830873961982593e-17,42.19116089280287,15.346378295451126,3
j0022,483,5.366363393246609,-0.6407729017708408,25.209436,27.326235,3.3595575378747215e-17,42.45478452794662,15.330962626917229,3
j0022,690,5.68802339545653,-0.391154764987349,25.66377,26.55768,1.4461414648473174e-17,42.08871322316999,15.330432804866724,3
j0022,742,5.283837548095286,-0.3491393975323476,24.98557,25.807617,2.5561876970177708e-17,42.3360951847072,15.31743332329066,3
j0022,183,5.293355402693495,-0.894082598231012,24.812918,25.726324,3.2103854825942146e-17,42.435059627304206,15.312369565909645,3
j0022,571,5.188728251772946,-0.572463818598302,25.645979,26.702263,1.6298050795266956e-17,42.14063811147201,15.299465858550851,3
j0022,449,5.998293019856845,-0.6680382178558997,25.08855,26.464943,3.145968137863004e-17,42.42625676426594,15.246612386560557,3
j0022,600,5.3297333864881065,-0.549250841614766,25.784172,27.45728,1.812983726515792e-17,42.18689635031105,15.103310936890594,3
j0022,769,5.347029765995857,-0.3257380768069502,25.370014,26.152853,1.7357025684255613e-17,42.16797775057724,15.097883461005456,3
j0022,88,5.5221574640622855,-1.0715614853390687,25.500986,26.800493,2.089836355533253e-17,42.24861472450758,15.082919414755748,3
j0022,374,5.1584404715119305,-0.7362701622317985,25.05117,25.89436,2.4473054542646586e-17,42.31719062256584,15.059568687578782,3
j0022,156,5.7063090423013,-0.915805817883545,25.217869,26.020212,2.030441853586837e-17,42.23609300143347,14.9477260316293,3
j0022,447,5.912665648657868,-0.6684806111130573,26.10312,28.441818,1.5203011463814542e-17,42.11043206744205,14.946025207745093,3
j0022,620,5.231579254523008,-0.5362837387969177,24.998447,26.01284,2.888287493180512e-17,42.389142864135295,14.846336979458746,3
j0022,602,5.235352148722881,-0.5471708329200256,25.100489,26.670088,3.310268849276734e-17,42.448365711653786,14.84066905913444,3
j0022,642,5.228777254447758,-0.4388723777628401,25.270205,26.174408,2.0932988738441856e-17,42.24933368426236,14.705099630955434,3
j0022,821,5.512830463401818,-0.2709488641603954,25.644936,26.551426,1.4847090527274386e-17,42.10014380102523,14.690439651828155,3
j0022,479,5.184611050909976,-0.6432850231359863,24.934769,25.911592,2.992972047693736e-17,42.40460510530592,14.43706637760162,3
j0022,72,5.286643716290759,-1.0835710091639994,25.288986,26.360586,2.2835689411657545e-17,42.28711657199248,14.408040497902036,3
j0022,37,5.270749273801129,-1.1178295556197164,25.658325,99.0,2.5906193244856586e-17,42.34190604524088,14.366516070223842,3
j0022,694,5.735994543002721,-0.3882234835661508,25.774038,27.92651,2.008003419562489e-17,42.23126689252195,14.34370806417525,3
j0022,606,5.395140445582876,-0.54361564052732,24.840565,25.67763,2.9568717438960047e-17,42.39933493160768,14.336753122070778,3
j0022,62,5.290848033308406,-1.0908995037645663,25.397198,26.261715,1.808893758332116e-17,42.18591550467186,14.333235248058068,3
j0022,739,5.296938454409454,-0.351266690069121,25.465435,27.403557,2.5751084839226697e-17,42.33929797413819,14.227026168672358,3
j0022,759,5.522093734960414,-0.3340860630725353,25.538912,26.550915,1.7532130271964e-17,42.17233713346533,14.195374620755867,3
j0022,688,5.796087444174331,-0.3921578762748841,25.49703,26.307562,1.5808816636386714e-17,42.12740180664197,14.186168432959803,3
j0022,664,5.62559779791067,-0.4135513056380367,25.686947,26.693598,1.5248415378953707e-17,42.11172715844163,14.122289729585695,3
j0022,713,5.70821514394361,-0.3716644113656694,25.576443,26.485739,1.5845171193126828e-17,42.128399380180646,14.097183265043704,3
j0022,513,5.148973053453851,-0.614499515230833,25.561834,26.934391,2.031599733796557e-17,42.23634059170973,14.075707051652524,3
j0022,706,5.397604725943498,-0.3801728926725936,25.148542,27.248312,3.5440426708590426e-17,42.478001386683175,14.05475625100032,3
j0022,748,5.410020706622388,-0.3425418961016992,25.239605,26.22083,2.266580464823485e-17,42.28387358581507,14.010523853141189,3
j0022,653,5.374045275480597,-0.4276313041915934,25.941788,27.548203,1.5409321247002066e-17,42.11628595370516,13.99352571857241,3
j0022,358,5.1918868645829015,-0.7540612342096731,24.8803,25.914392,3.2577878510329343e-17,42.441425243853125,13.961773387588034,3
j0022,608,5.3584501481038815,-0.5417993036205474,25.695175,27.009178,1.7576127847419185e-17,42.17342564740842,13.89939914314931,3
j0022,24,5.783308921510426,-1.1392938484970472,25.649015,27.67129,2.2072171865106708e-17,42.27234751358044,13.892997365962902,3
j0022,678,5.947808392708007,-0.3999588514671162,25.609638,26.940845,1.914380783151e-17,42.21053077057179,13.860638120922314,3
j0022,497,6.005999687183231,-0.6272382005314169,25.312103,26.514387,2.3860798208748517e-17,42.30618741237111,13.817782291824011,3
j0022,409,5.3401332846841445,-0.6989307236293274,26.049292,27.747458,1.4290188909259113e-17,42.08354041444747,13.760414165657476,3
j0022,85,5.288953988842986,-1.072428248262977,25.119722,25.940817,2.2573313474659802e-17,42.28209775711006,13.746096406420993,3
j0022,659,5.520727755580667,-0.4204923828830128,25.614897,26.833477,1.818647572590448e-17,42.18825099173156,13.735137133925814,3
j0022,45,5.701710680905888,-1.111074436230327,25.279556,26.23639,2.1509026368836148e-17,42.26112319644556,13.718864578434983,3
j0022,506,5.1298732919916565,-0.622109788205314,25.834703,27.042053,1.4778880514979558e-17,42.09814398240315,13.650647311072646,3
j0022,790,5.450516114300466,-0.3057508387506694,25.580736,26.95341,1.9966216220181478e-17,42.22879821436796,13.625960867998254,3
j0022,746,5.729352967104837,-0.3432566201762155,25.416048,26.201479,1.6674036756836992e-17,42.1505431989956,13.58508269251817,3
j0022,711,5.9203304842108,-0.3719444333066828,25.333113,27.673876,3.0905851486362215e-17,42.418543157788775,13.455991314832492,3
j0022,393,5.502180648929904,-0.7085809323582833,25.277645,26.208038,2.11712580598984e-17,42.25424911033134,13.427115891688196,3
j0022,548,5.932760059431617,-0.5881688896327388,25.515717,26.441494,1.6949272734135773e-17,42.15765351252488,13.2609180088844,3
j0022,724,5.380700717355893,-0.3631354614899375,25.129957,26.64532,3.170774123680474e-17,42.42966774976837,13.233469220404876,3
j0022,640,5.504675314723209,-0.4441835220819426,25.489086,26.69468,2.030222737877061e-17,42.23604613189199,13.213499196765788,3
j0022,411,5.598663572092212,-0.6959920280419017,25.1643,26.178743,2.479203411044393e-17,42.32281460522077,13.201659237439271,3
j0022,407,5.131809349436281,-0.7008056715057236,25.39367,26.653221,2.269512615906537e-17,42.284435045727896,13.15035762424976,3
j0022,569,5.308314314870902,-0.5761822643004108,25.436064,26.556982,2.0468818876646897e-17,42.23959522751496,12.96669906341003,3
j0022,683,5.28531199764505,-0.3964536389371514,25.551497,26.52528,1.6926842265326724e-17,42.15707839166146,12.89205863320326,3
j0022,795,5.609386874255237,-0.3025429831748911,25.77503,27.22315,1.7135808133959814e-17,42.16240703527041,12.83545496235704,3
j0022,297,5.662161720929297,-0.8045474632019528,25.681654,27.02735,1.8013840869749428e-17,42.18410876642354,12.827876865245376,3
j0022,804,5.626587894365005,-0.2945334488304947,25.604822,27.32249,2.1620583300243968e-17,42.26336985103599,12.730620094156418,3
j0022,675,5.278373008003118,-0.4023590688646717,25.58557,27.814072,2.414447616458481e-17,42.31132023190137,12.681766156534128,3
j0022,61,5.249970482953123,-1.0917777251847507,25.334673,26.340403,2.1081083959236377e-17,42.252395382376186,12.68103286451467,3
j0022,58,5.266841285623606,-1.0964417564091915,25.995745,27.831524,1.5485641880943465e-17,42.11843165606207,12.67080196963498,3
j0022,811,5.56665973362532,-0.2868714540751222,25.588385,28.65343,2.5987961978648078e-17,42.343274667164266,12.622293003884684,3
j0022,622,5.437646868731228,-0.535713333230869,25.357052,26.396336,2.106305942700288e-17,42.252023897527465,12.59340198929483,3
j0022,27,5.851975075016827,-1.132400654524773,25.427465,26.563303,2.0787330837254226e-17,42.24630117250798,12.541649075823305,3
j0022,439,5.176459255978929,-0.6731388762206136,25.834442,27.303434,1.6333826821484058e-17,42.141590391152526,12.422359299026358,3
j0022,502,5.349271636499876,-0.6243511194861358,25.627705,27.457373,2.1706547636527345e-17,42.26509320012789,12.409694588825232,3
j0022,363,5.496547764852224,-0.7498217346371929,25.54872,27.211264,2.246031806887578e-17,42.27991834663326,12.36571864249596,3
j0022,355,5.849887718441741,-0.7572576884706412,25.578787,26.452469,1.540871001505166e-17,42.11626872647471,12.341107418566557,3
j0022,194,5.111242989570815,-0.8836305452086336,25.70087,30.806082,2.46845809035742e-17,42.32092820259748,12.330517007736772,3
j0022,317,5.183640297782091,-0.7867729325326507,25.57852,27.158894,2.137817559175433e-17,42.25847308432928,12.320755564907016,3
j0022,77,5.949121230989278,-1.080841166231552,25.252123,26.204678,2.1997806753918945e-17,42.27088182700192,12.318097825041868,3
j0022,475,5.187610274440911,-0.6462305470985515,25.607718,26.730303,1.749039382713141e-17,42.17130203295605,12.304387450113389,3
j0022,692,5.370983568848915,-0.3894223248482978,25.544437,27.156845,2.22550367075118e-17,42.27593075940491,12.220997042274911,3
j0022,92,5.916869231857096,-1.0643361932553328,25.513094,26.538824,1.8100516147409737e-17,42.18619340368084,12.192586543586884,3
j0022,584,5.457958641739479,-0.5584312824346412,25.731075,26.815065,1.5300178523457753e-17,42.113198942682246,12.168689672056516,3
j0022,496,5.174127561695676,-0.6272074482361705,25.10895,26.343252,2.918301090180544e-17,42.393632541838,12.055542721421052,3
j0022,467,5.814378364053924,-0.6517578744817014,25.955767,28.622858,1.8009364343653816e-17,42.184000828743926,12.054388658249518,3
j0022,662,5.334638471236169,-0.4146885606970459,25.108692,25.902962,2.2299131470223306e-17,42.27679039248357,11.91375648504656,3
j0022,636,5.260252065191496,-0.5262236385036394,26.005148,27.855556,1.5398551917106976e-17,42.11598232607641,11.83532387009878,3
j0022,204,6.053034646897855,-0.8750401607305431,25.69411,26.656454,1.4735034202761137e-17,42.09685359272496,11.764402869311745,3
j0022,147,5.354754286045763,-0.9198886928849922,25.215319,26.153963,2.2547333846246904e-17,42.281597639705794,11.754184357182492,3
j0022,712,5.7401343868876,-0.3716004644940335,25.635515,27.385603,2.1177928560657448e-17,42.25438592342865,11.65155132728517,3
j0022,764,5.491667651861973,-0.3316154912469116,24.976007,25.774216,2.528238540196349e-17,42.331320491840174,11.632655226265376,3
j0022,290,6.068235883226968,-0.8111680835238974,25.949434,27.511827,1.5114473934113814e-17,42.1078954804266,11.576105981925627,3
j0022,386,5.131286818221132,-0.7210178640693842,25.663946,30.147125,2.53575771921118e-17,42.33261020067374,11.485305789323723,3
j0022,39,5.2777726033431165,-1.1133534005777173,25.040857,26.080044,2.8182224381692144e-17,42.37847771281292,11.44654502892958,3
j0022,54,5.313500937318567,-1.1001574280575448,25.392746,26.861423,2.4531404864535728e-17,42.31822486455511,11.443530428736588,3
j0022,233,5.238844132402754,-0.8566437297930014,25.893204,28.102154,1.8138441293558256e-17,42.18710240818173,11.368970125191172,3
j0022,262,6.037318824657696,-0.8326119236279678,24.856062,25.669535,2.8598547903234875e-17,42.384846426762486,11.365169369797592,3
j0022,406,5.285444512191746,-0.7014642026945291,25.238575,26.532433,2.65518483150365e-17,42.35259720283664,11.313572402835687,3
j0022,202,5.349933388650676,-0.879012652677603,25.225302,26.053429,2.05985564875844e-17,42.24233923126338,11.30479162985324,3
j0022,791,5.744086639336958,-0.3054653520235988,25.37138,26.869913,2.5255560051856253e-17,42.33085944806341,11.276568138589903,3
j0022,50,5.527444845812993,-1.1042317424384895,25.836987,27.93435,1.8791351197133253e-17,42.202460453743576,11.274252793451195,3
j0022,75,5.396163704442817,-1.0807660573773168,25.470135,26.370504,1.736503352785643e-17,42.16817807062901,11.179157277296236,3
j0022,416,5.228221806997544,-0.6897680971683878,25.653444,26.579391,1.4931752569388346e-17,42.10261322918007,11.1561462566887,3
j0022,744,5.352564601799223,-0.3455129022175488,25.612917,26.568783,1.5812564367623434e-17,42.12750475084945,11.130153285009602,3
j0022,648,5.387107082684849,-0.4330227645244541,25.925514,28.698544,1.8679673397367792e-17,42.19987172304721,11.062892595878417,3
j0022,59,5.519891403034448,-1.0934918205610802,25.52378,26.78005,2.0104258987013992e-17,42.23179051474679,11.053675104552129,3
j0022,124,5.9367703297356895,-0.946396373683374,25.124647,25.995481,2.336137555515325e-17,42.297000855606285,11.036176807587964,3
j0022,248,5.2216248583101645,-0.8467347519344491,24.895557,25.695267,2.726153110707399e-17,42.36405268820604,10.975110278697288,3
j0022,760,5.509110405538569,-0.3336974643417513,25.80046,27.126545,1.6026762465756253e-17,42.13334824471352,10.91608251717767,3
j0022,48,5.47724132041697,-1.1067364683335523,25.790401,28.431305,2.0924226725906866e-17,42.24915186166821,10.835235971819996,3
j0022,621,5.458649000479456,-0.5355965882618706,25.729317,26.680796,1.416429865916788e-17,42.07969751989235,10.770549363610488,3
j0022,404,6.021189996699247,-0.7031076072262226,25.231754,26.086721,2.091351333009132e-17,42.24892944196864,10.770250482538788,3
j0022,208,6.043743562058497,-0.8708846298474143,25.367117,26.401987,2.081571636179893e-17,42.24689380595281,10.73295347528401,3
j0022,630,5.157935353191643,-0.5311826923241579,25.860006,27.303476,1.5821470751906002e-17,42.12774929718286,10.678807323297216,3
j0022,413,5.114159411792926,-0.6916244556760233,25.828445,27.576859,1.7723293536647798e-17,42.17704687487052,10.676885428246337,3
j0022,700,5.799891812666299,-0.3853507656412727,25.11436,26.246504,2.768461423938543e-17,42.37074092084001,10.646516920393651,3
j0022,463,5.193691993370262,-0.6550564991556727,25.320946,26.370039,2.1897347601189748e-17,42.268893956928295,10.606751359346507,3
j0022,793,5.6279673182535,-0.3046300124447185,24.944511,26.093845,3.2649451966045825e-17,42.44237834032716,10.599254378505364,3
j0022,709,5.253004808690855,-0.377354950893138,25.555332,26.351383,1.4801017616395696e-17,42.09879401998898,10.581363602653015,3
j0022,575,5.691380381722675,-0.5669605233622816,25.469713,26.75466,2.138334429784229e-17,42.25857807313928,10.499067518369356,3
j0022,279,5.78883125146947,-0.8220718442654481,25.350527,26.135857,1.770969533193893e-17,42.17671353434536,10.49623968731677,3
j0022,325,5.879632153859283,-0.7803765423808486,25.6739,27.416985,2.0409318362879565e-17,42.23833094470788,10.470999272581578,3
j0022,682,5.933104143304469,-0.39688100090568,25.40415,26.42467,1.9949763059613318e-17,42.22844018646144,10.463919943061835,3
j0022,448,5.799774400193224,-0.6680317811627253,25.602861,27.838911,2.3787260751238854e-17,42.30484687770658,10.440818612901738,3
j0022,490,5.40621724037707,-0.6384053660273341,25.157694,25.978298,2.1788768131926678e-17,42.26673512176257,10.432051480469084,3
j0022,512,5.11926942125064,-0.6157568088985831,25.389547,26.667442,2.2955734119542506e-17,42.28939363042959,10.391269097127584,3
j0022,12,5.515408623017715,-1.1795584009074258,25.198126,26.096674,2.227996244620221e-17,42.2764168989404,10.37499811893861,3
j0022,710,5.48860869525339,-0.3754736442579738,25.565174,26.471088,1.5972373904483264e-17,42.13187191269552,10.338040657473751,3
j0022,480,5.83186936390491,-0.6431930454691975,24.91904,25.832829,2.912221920182839e-17,42.39272691092408,10.307019168753278,3
j0022,538,5.82587537752531,-0.5931826209387101,25.464588,26.92786,2.29207703620829e-17,42.28873165454268,10.267345127630428,3
j0022,278,5.482907960457146,-0.8228233107557825,25.525244,26.308147,1.5045531522602928e-17,42.10590997939066,10.265020872717846,3
j0022,732,5.30368562163776,-0.3552014585031892,25.334217,26.304615,2.063255222294107e-17,42.24305539748258,10.222135319124748,3
j0022,344,5.891492745036087,-0.769222748294435,24.844532,25.900337,3.408772279271309e-17,42.46110043390794,10.218214193059168,3
j0022,755,5.625866395566502,-0.3364768151545394,25.646603,26.85595,1.7590269022457738e-17,42.17377492599051,10.1936343385587,3
j0022,21,5.629917785351649,-1.1432892647397896,25.766447,26.909557,1.526767843893458e-17,42.112275448915206,10.14151506293788,3
j0022,154,5.1440787003621375,-0.9161215352542136,25.865005,27.74298,1.7617783611705533e-17,42.17445371597295,10.1256298779455,3
j0022,814,5.437496615120387,-0.2848026335678179,25.371857,26.257479,1.8808937874047896e-17,42.20286671643382,10.101373197338248,3
j0022,530,5.216942808397798,-0.6021246260405165,25.51017,26.430874,1.6976807444934716e-17,42.15835846726903,10.07783309160946,3
j0022,651,5.767452159349937,-0.4303894053132779,25.744875,26.759827,1.4528268086379074e-17,42.090716289634265,10.067857547762182,3
j0022,385,5.605755620044063,-0.7216193757180877,25.960781,28.228004,1.7177869360004818e-17,42.16347174000955,10.056809482376792,3
j0022,292,5.142874385642105,-0.8100652258813165,26.022259,28.627466,1.6846367357592268e-17,42.15500871129074,10.05210638766917,3
j0022,754,5.443632889495889,-0.3369827102155252,25.612106,27.200424,2.0772959479409737e-17,42.24600081841466,10.02990341505268,3
j0022,458,5.632644793185391,-0.6603111334225056,24.923716,25.920813,3.0619395586417907e-17,42.41449905812164,10.02885026669993,3
j0022,605,5.38733138067298,-0.5441074931296743,24.89735,25.791367,2.9296265592871264e-17,42.3953147086438,10.026458838941217,3
j0022,203,5.8405518030381085,-0.8784627516533021,25.298605,27.079773,2.9086492120223346e-17,42.392193792221,10.011438046045749,3
j0022,565,5.185879753177744,-0.5776958392660186,25.49695,26.892765,2.1747043008921905e-17,42.26590265783225,9.99430341873099,3
j0022,186,5.92227745852582,-0.8892415688627828,25.308544,26.176102,1.9673038954071644e-17,42.22237389634833,9.9858249674994,3
j0022,398,5.696971465408688,-0.7057237896634658,25.64436,26.692303,1.6245875768806408e-17,42.13924557234775,9.910307954655435,3
j0022,1,5.723772189859586,-1.201815597291523,25.448715,26.256063,1.6484448292621913e-17,42.14557686105962,9.814629236136229,3
j0022,293,5.714864827385353,-0.8092137902065859,25.537569,26.436659,1.6304426532951806e-17,42.14080797265783,9.777518705547028,3
j0022,592,5.26128528867013,-0.5545397441866218,25.979649,27.572065,1.482429094127704e-17,42.09947637430985,9.740509913566372,3
j0022,823,5.556634493363647,-0.2638185851228587,25.716364,26.710785,1.4730748258831838e-17,42.09672725215934,9.734080803933509,3
j0022,627,5.381535400599078,-0.5326720164214623,25.504395,26.498844,1.7906878179902518e-17,42.181522323585,9.6803459826995,3
j0022,81,5.471673598521383,-1.074593786735547,25.658882,26.710443,1.6062841108696642e-17,42.13432480786173,9.640773369617806,3
j0022,433,5.132463056592602,-0.6782350529662704,25.391508,26.361492,1.9566892566794253e-17,42.22002430495392,9.594763235918562,3
j0022,238,5.265588613694679,-0.8526858906156074,25.730093,26.69316,1.426134878319499e-17,42.08266304580962,9.589686860248856,3
j0022,698,5.746677381036729,-0.3865914079422762,25.849037,28.52971,1.989282136236641e-17,42.227198827142,9.516205337828149,3
j0022,316,5.113040090018339,-0.7872226337684296,25.580414,26.364582,1.43158738484634e-17,42.08432030718954,9.496090605058557,3
j0022,286,5.142502721158785,-0.8152476537493601,25.191095,25.967804,2.0356789441239437e-17,42.23721172903274,9.46705055306312,3
j0022,473,5.307466715903997,-0.6473549728732085,25.372833,27.263433,2.779080031716517e-17,42.37240349819337,9.435194196751969,3
j0022,15,5.399741644162964,-1.1680937627313264,25.621618,27.129948,2.0117353182123128e-17,42.232073284957885,9.432574821616328,3
j0022,388,5.809439007779008,-0.7156616628527176,25.539606,28.04296,2.6018515940222018e-17,42.34378496584126,9.41981422475337,3
j0022,402,5.462879587485489,-0.7038890066482165,25.340982,26.126339,1.7866491054639313e-17,42.18054171071744,9.410493569748644,3
j0022,465,5.327072774450218,-0.6538560235006344,24.921173,26.116238,3.408982788513908e-17,42.46112725300061,9.38493233880564,3
j0022,798,5.513319286208857,-0.2987005774560565,25.651232,26.856943,1.7486716810716672e-17,42.171210721357376,9.357861983276424,3
j0022,435,5.223712613268274,-0.6760163875838971,26.05866,28.073591,1.5116280289418544e-17,42.10794738056354,9.347673897500748,3
j0022,529,5.301501788037135,-0.6029012111387513,25.132849,25.938677,2.202262573718407e-17,42.2713715427094,9.326181817571197,3
j0022,778,5.719927527269625,-0.3163090310882047,25.73722,26.91204,1.592621362908465e-17,42.130614981374585,9.276488877331325,3
j0022,185,5.140905599115439,-0.890384738379782,25.26451,26.454653,2.4791644467416788e-17,42.322807779595024,9.22422075256727,3
j0022,184,5.672448927801197,-0.8928562312121083,24.748901,25.800264,3.7133534410436763e-17,42.498268732276905,9.192860148913349,3
j0022,805,5.367340646437737,-0.2936626772514117,25.693705,26.618902,1.4380812149761536e-17,42.08628585778026,9.176275472053064,3
j0022,624,5.268644207159437,-0.534030765899337,25.40303,26.49361,2.0770413386390958e-17,42.24594758469416,9.15981028956544,3
j0022,160,5.3663089668545965,-0.9131309401196576,25.258099,28.31329,3.520759673475125e-17,42.47513882566541,9.11863651954554,3
j0022,275,5.358933775335676,-0.8243714144914306,25.454012,26.348684,1.7553038978045628e-17,42.17285476167942,9.047732969433769,3
j0022,146,5.393344240697611,-0.9201655108027076,25.71193,26.889591,1.6323374335738718e-17,42.141312384656224,9.031115421770146,3
j0022,554,5.704480917170715,-0.583964348254741,25.89597,27.357582,1.5397246994109375e-17,42.11594552100056,8.994939219843417,3
j0022,132,5.238267656702185,-0.933599583423854,25.214893,26.430578,2.625367960963943e-17,42.34769262542689,8.961594816302016,3
j0022,49,5.48611519979673,-1.1057144005986708,25.609726,26.689692,1.7072385072509258e-17,42.16079664228604,8.864544449460308,3
j0022,594,5.151886425201294,-0.5543268717898547,25.981968,28.244375,1.6835318632939788e-17,42.15472378491727,8.82208819418902,3
j0022,526,5.875868081222926,-0.6063321554486032,25.74312,27.370653,1.8608471638555546e-17,42.19821314933659,8.788547367746727,3
j0022,130,5.272648247247994,-0.93873599427023,25.793705,30.457396,2.2557505519626745e-17,42.281793516767216,8.780588976775578,3
j0022,235,5.998673567574889,-0.8546268098934731,25.580431,26.831196,1.903768368773771e-17,42.2081165511744,8.74428215414984,3
j0022,264,6.0626859646803855,-0.8306563642350593,25.891712,27.227444,1.478932037586607e-17,42.09845066147233,8.73881611531547,3
j0022,426,5.471641957845981,-0.6824842380658551,25.49347,26.723145,2.0438312881273856e-17,42.238947487752135,8.692957574648279,3
j0022,638,5.765708990458068,-0.5241549450167768,25.15602,26.05962,2.32444660732525e-17,42.29482201932338,8.674846708519631,3
j0022,330,5.930978966063113,-0.7778471422738065,25.44931,26.710413,2.1575444334072264e-17,42.26246219298795,8.67478062474968,3
j0022,348,5.9115589140499,-0.7638291701915979,25.254013,26.042534,1.940957348951912e-17,42.216518436664686,8.661173247403823,3
j0022,486,5.44652310870694,-0.6399332065759656,24.817093,25.712713,3.158028297567083e-17,42.42791846165231,8.638928081713605,3
j0022,379,5.46089542060963,-0.7305755589964997,25.226204,26.00397,1.972740272251801e-17,42.22357235497619,8.614049643463884,3
j0022,60,5.303506620016877,-1.0927031104865177,25.38336,26.189932,1.749584546005118e-17,42.171437378403965,8.57695857354547,3
j0022,546,5.847715488995536,-0.589487975300664,25.719007,26.706717,1.4634151860479938e-17,42.09387000190997,8.416541752321743,3
j0022,400,5.161525336006725,-0.7045038474336319,24.908857,25.735592,2.753769229508457e-17,42.36842998729739,8.412396702945761,3
j0022,23,5.468586917233633,-1.139718022427787,25.474823,26.357729,1.7073171878630826e-17,42.160816656928496,8.36865016326101,3
j0022,217,5.721914698404645,-0.8660590138328116,25.413683,26.45646,2.00326138921313e-17,42.23024006498933,8.292334099242147,3
j0022,155,5.903798588917778,-0.9159171169505596,25.409576,26.323494,1.853741398683485e-17,42.19655159338433,8.216090460912694,3
j0022,794,5.491368441965334,-0.3041610741795005,25.613205,26.45979,1.4622697197915656e-17,42.093529931317406,8.212147580343657,3
j0022,535,5.661402324350533,-0.5982096974259885,26.14172,28.515642,1.4733479129767732e-17,42.09680775670921,8.132126067898097,3
j0022,504,5.3345427328970745,-0.6223455048654104,25.08342,25.901651,2.3286275892162648e-17,42.29560248306678,8.110915733766465,3
j0022,73,5.57670657544169,-1.0811188380353178,25.371443,26.267794,1.8962868129530362e-17,42.20640646937201,8.101421439253135,3
j0022,42,5.409335785962757,-1.1116856703134237,25.696152,26.686644,1.4971248278646494e-17,42.10376045708881,8.030242928112973,3
j0022,615,5.663081866862816,-0.5381819394126764,25.629532,26.510323,1.4782754735843627e-17,42.09825781594032,8.00675224644996,3
j0022,515,5.824701471705906,-0.6130494226969577,25.837538,27.343096,1.6475327389555882e-17,42.1453364978963,7.998362209072187,3
j0022,272,5.223188441287423,-0.8272526471896158,24.780228,25.651594,3.2095113934344257e-17,42.434941366183054,7.957725817364311,3
j0022,485,5.798345222391114,-0.6399062147383943,25.18661,28.01212,3.703867670994781e-17,42.49715790659906,7.944033557742975,3
j0022,503,5.355090489015643,-0.622669127295159,25.122574,25.968262,2.2960207919945648e-17,42.28947826102838,7.922223793004017,3
j0022,93,5.786401470560008,-1.0624578216023546,25.586988,26.502882,1.5764564911979008e-17,42.126184433565896,7.914593795581139,3
j0022,616,5.222036426264268,-0.5362406745981197,26.280945,30.783323,1.4369202665251706e-17,42.085935114633386,7.876115685237287,3
j0022,451,5.187531585569019,-0.6666396138856434,25.705036,26.924599,1.6744900888617498e-17,42.15238502579758,7.811436731596601,3
j0022,752,5.775432458034116,-0.3374571974260839,25.231714,26.151314,2.192337107775648e-17,42.26940977930375,7.768916131488483,3
j0022,227,5.139938572452421,-0.8585767809546444,25.236265,26.108944,2.110815217371353e-17,42.25295266090848,7.716104163623087,3
j0022,98,5.25447354242121,-1.0558467659648954,25.758478,99.0,2.362339984402539e-17,42.301844845240886,7.651876984225156,3
j0022,342,6.064899335406394,-0.7703708898750761,25.1368,25.924246,2.1602197310991778e-17,42.26300037299477,7.612729136493717,3
j0022,708,5.845073599501146,-0.3781266936409693,25.693169,26.946947,1.7182034252769337e-17,42.16357702493553,7.606140163186128,3
j0022,635,5.29026933662219,-0.5279674738119738,25.725069,26.695072,1.4391389445210797e-17,42.08660517024155,7.591231564816194,3
j0022,581,5.833236461015359,-0.5601095322699425,25.721134,27.149971,1.7892459821005674e-17,42.1811724951024,7.545217592585528,3
j0022,543,5.191090044836086,-0.5912839990601825,25.800156,27.412088,1.7582675076048952e-17,42.17358739496876,7.526961996447978,3
j0022,450,5.152383711959988,-0.6677338223346978,25.59636,26.4122,1.4490116816860846e-17,42.08957433115304,7.494192127445119,3
j0022,775,5.704701412850643,-0.3187152293576227,25.68915,26.731977,1.5544015499644918e-17,42.120065665106125,7.473546344426618,3
j0022,165,5.119693088543448,-0.9087811849137524,25.573826,26.85607,1.940673035460335e-17,42.21645481608853,7.369977676950434,3
j0022,820,5.578033646616042,-0.2730777178422772,25.466158,26.337708,1.7065801492182908e-17,42.16062913411234,7.3645614425904995,3
j0022,723,5.688771744495335,-0.3633388980682751,25.817013,27.029774,1.5058244722147452e-17,42.1062767953471,7.360494902646897,3
j0022,143,5.615166299142297,-0.9259752309971224,26.03437,28.322603,1.609567935533008e-17,42.13521175626976,7.337983864189661,3
j0022,174,6.002750459059743,-0.9034257228151658,25.524681,26.443417,1.672865448030329e-17,42.15196345563822,7.302605775136479,3
j0022,822,5.743593151079334,-0.2683690537270093,25.602758,26.434486,1.4591819059622062e-17,42.09261188017134,7.273272579807905,3
j0022,765,5.406186314023869,-0.3301970091958023,25.867203,27.681334,1.7352597199870918e-17,42.167866930223575,7.264492058571001,3
j0022,253,5.191850067424404,-0.8448160551040965,25.220552,26.00552,1.995559143006768e-17,42.22856704809077,7.228311666566057,3
j0022,153,5.550101725124016,-0.917166586090869,25.522123,26.422632,1.6554793838519585e-17,42.14742622119044,7.029998696886805,3
j0022,561,5.890980278560424,-0.5822086217609351,25.23568,26.079576,2.065972620277868e-17,42.24362700610523,6.991195347027561,3
j0022,104,5.259118440918726,-1.0465823798219658,25.551376,26.39974,1.5501037688512368e-17,42.1188632166497,6.939308449467072,3
j0022,555,5.92863715571323,-0.5836464664734975,24.665203,25.499235,3.466812642918916e-17,42.46843281615759,6.8570494023992286,3
j0022,763,5.338113840052577,-0.3322994353144024,24.92693,25.799236,2.805842346287746e-17,42.37656570984712,6.797063128482758,3
j0022,797,5.627282314321964,-0.2986789734728269,25.996637,28.093998,1.6221756338579678e-17,42.1386003181853,6.763879901601948,3
j0022,520,5.140077451930597,-0.6087808024124554,25.36646,26.377735,2.0541221709004944e-17,42.24112871457268,6.744081857993728,3
j0022,557,5.165205162244951,-0.5828088932203033,25.37339,26.557308,2.236136691599524e-17,42.278000792239496,6.7366349685234095,3
j0022,401,5.767521378753656,-0.704173901531323,25.998466,27.508717,1.4226120259638077e-17,42.081588920118605,6.729273938237348,3
j0022,251,6.044420867024342,-0.8454439326710228,25.8373,27.190218,1.565019597517312e-17,42.1230222247063,6.712562767097326,3
j0022,809,5.740957600863898,-0.2899337091488345,25.663666,26.529964,1.4171318536617918e-17,42.07991270448363,6.678408481286801,3
j0022,498,5.875918012595873,-0.6266508430579928,25.830847,26.979101,1.4424866748019018e-17,42.087614254441945,6.620185579572718,3
j0022,623,5.696102373005073,-0.5351410293036682,25.219963,26.247873,2.3740896407052802e-17,42.303999557447256,6.570503051103785,3
j0022,299,5.887138484697856,-0.8033421119079739,25.449547,26.888767,2.305775984114813e-17,42.29131955592256,6.5092350268665005,3
j0022,432,5.954693968023777,-0.6785864094685785,25.721247,26.96499,1.6671853415724842e-17,42.15048632763943,6.498430099173515,3
j0022,345,5.159031881895824,-0.7670666752547048,24.718128,25.597893,3.419704299109956e-17,42.46249099881467,6.479107706293417,3
j0022,672,5.339863314558764,-0.4062196252811308,25.443682,26.571556,2.039750566691486e-17,42.23807950691829,6.45847313224433,3
j0022,267,5.285059661209127,-0.8289957948373362,24.98288,26.139898,3.1633876777585003e-17,42.42865486305678,6.443692160260233,3
j0022,255,5.1411296644433895,-0.8436930283635526,24.86436,25.748652,2.99875255123656e-17,42.4054430749184,6.437577710712212,3
j0022,438,5.736170547307437,-0.6733063757862324,25.475777,26.387573,1.7415053741164898e-17,42.16942726344632,6.400912521327808,3
j0022,25,5.602242852490243,-1.1391220987742705,25.679752,26.958662,1.7578829112181938e-17,42.1734923887436,6.3418893721082,3
j0022,4,5.508214749292391,-1.1961946438719429,25.716461,27.29285,1.8806506591847984e-17,42.20281057500256,6.308267970311661,3
j0022,36,5.804789067891889,-1.1199234901581785,25.599033,26.54202,1.5880701907707836e-17,42.12937213826254,6.272920063651688,3
j0022,628,5.390532541683476,-0.5321516889550147,24.762123,25.61186,3.21014833169608e-17,42.43502754482338,6.242087337279999,3
j0022,76,5.4014298027935,-1.080733621715214,25.01499,26.188303,3.0952461930153225e-17,42.41919764257023,6.204341132795827,3
j0022,277,5.339414326865121,-0.8237363711164404,25.61536,26.437351,1.4310570713576742e-17,42.084159398471776,6.1886405079932825,3
j0022,117,5.607835385769326,-1.0296107359333115,24.902285,25.70076,2.7064799358554377e-17,42.36090725631154,6.177062387502279,3
j0022,702,5.854072469676628,-0.3834970389204983,25.623135,26.45189,1.4286407171881833e-17,42.08342546809907,6.173957269980729,3
j0022,646,5.265720231204767,-0.4338167248936864,25.615595,26.797401,1.7872614691539e-17,42.18069053714637,6.153378666508947,3
j0022,720,5.500808382101994,-0.3684425403525086,25.43351,26.425558,1.90867522007087e-17,42.20923447964672,6.122335930298023,3
j0022,211,5.267557018463264,-0.8683023023059049,25.492437,26.270626,1.5443234350468898e-17,42.11724070635669,6.104460212853274,3
j0022,440,5.193880809857448,-0.6707223736162075,25.689924,26.696995,1.5210513480016338e-17,42.11064631977298,6.096308821612896,3
j0022,544,5.957337612786886,-0.590775969265489,25.478287,26.462677,1.8228802898166537e-17,42.18926059354273,6.087790426868764,3
j0022,531,5.1394410883453485,-0.6015748198690154,25.83241,28.559475,2.0277963332957025e-17,42.2355267778783,6.014094688401432,3
j0022,716,5.682255731806173,-0.3704991429951204,25.631598,26.818989,1.7656989312342938e-17,42.17541909859887,6.013064970296505,3
j0022,260,6.023437144175484,-0.8329876521704331,25.62071,26.706026,1.6949296087280077e-17,42.15765411090658,5.992118083251427,3
j0022,558,5.133436329623601,-0.5832616437200259,24.916922,25.71518,2.6697469370858188e-17,42.35497254139106,5.986435723914749,3
j0022,95,5.256703770936966,-1.060035347241593,25.5041,26.49406,1.7862240560167358e-17,42.18043837840085,5.970695077345291,3
j0022,173,5.165238583503167,-0.9043984476263016,25.670128,26.577179,1.4512307917521682e-17,42.09023892899501,5.939131078330935,3
j0022,196,5.920517846669617,-0.8829338468967267,25.976784,27.921738,1.609921931549634e-17,42.13530726116253,5.8989495311537645,3
j0022,786,5.5173393851261725,-0.3109333036303413,25.239962,26.02607,1.9621405962629008e-17,42.22123256778543,5.895613035402056,3
j0022,242,5.240136764794381,-0.8510480483342705,25.600471,27.051262,2.0142332653616066e-17,42.232612208588165,5.894514381054466,3
j0022,549,5.184101344627374,-0.5879862386955507,25.105148,26.07529,2.5474732994164666e-17,42.3346120852333,5.857973560939447,3
j0022,201,6.009469885427167,-0.87899850562955,25.418335,26.322262,1.8259727056562186e-17,42.189996725942734,5.855062502576495,3
j0022,269,5.388206033806483,-0.828539445903328,25.697018,99.0,2.4999216679123602e-17,42.32642884524088,5.826020473697141,3
j0022,751,5.389566872753973,-0.3383889991681596,25.783754,27.495827,1.8311067123570457e-17,42.19121609910373,5.817262826626275,3
j0022,176,6.00665356343406,-0.9022603759860583,25.695805,28.527542,2.3183349073876082e-17,42.29367861893604,5.792676181035002,3
j0022,470,5.167136429286522,-0.6512047727143109,25.579952,26.396389,1.4717979373539232e-17,42.09635063440937,5.766118164442413,3
j0022,383,5.495455083200272,-0.7226262437368195,25.474646,26.385849,1.7425966484997636e-17,42.16969931888863,5.762692100330661,3
j0022,213,5.184644650598585,-0.8679802700498687,25.515581,26.429216,1.6809755599806534e-17,42.15406384365574,5.698830701576167,3
j0022,350,5.142345738946272,-0.7610070715308429,25.427242,26.237078,1.6848588439776465e-17,42.155065966373286,5.648408691570035,3
j0022,116,5.662292534696683,-1.0307232986331183,25.680424,26.907099,1.7182716950728342e-17,42.16359428052132,5.6260798844971225,3
j0022,219,5.90984752625783,-0.8652761068218959,25.331957,26.186848,1.906867056650224e-17,42.20882286032879,5.582513543058202,3
j0022,223,5.82777629014625,-0.8598499738276921,25.751976,27.061226,1.6649175538187248e-17,42.14989517671128,5.569807621545003,3
j0022,781,5.851954422843739,-0.3146935103008459,26.008617,30.803389,1.853566969242393e-17,42.1965107261371,5.467915214597889,3
j0022,302,5.266450654267484,-0.8009237309439479,26.028448,99.0,1.842274754359517e-17,42.19385684524088,5.455531029731137,3
j0022,776,5.8432277531505,-0.3168737265350398,25.694414,26.892212,1.6744503636660004e-17,42.15237472257866,5.421598617337677,3
j0022,423,5.150425632011558,-0.6851066580561429,25.072994,25.89925,2.3664907243585018e-17,42.30260725101629,5.406539677838142,3
j0022,817,5.493698080884175,-0.2787289280333657,25.905071,27.226343,1.4527602774939607e-17,42.090696400979866,5.356363709183265,3
j0022,113,5.5861959334126325,-1.0397767091542862,25.268476,26.22015,2.16564415491298e-17,42.26408954206095,5.328696345336711,3
j0022,582,5.937741260205643,-0.5599079836109415,25.084333,25.9082,2.3373812088984898e-17,42.29723199271804,5.318010254775354,3
j0022,327,5.925957587419449,-0.7795159360843279,25.258001,26.106539,2.0312787447165268e-17,42.2362719685465,5.308358655559175,3
j0022,126,5.22127682661125,-0.9418843477620944,25.733227,26.796503,1.5098275273546437e-17,42.10742978367558,5.3020666993458585,3
j0022,115,5.351794259267076,-1.032856341812068,25.55566,26.535843,1.6930319257517626e-17,42.1571675922004,5.155858204547068,3
j0022,323,5.179409017890969,-0.7819068078078789,25.531532,26.31809,1.5006224164866598e-17,42.10477387416767,5.069795486594675,3
j0022,801,5.390164770217057,-0.2969646541303823,25.3042,26.43427,2.3219357629586618e-17,42.29435264514254,5.014399617177663,3
j0022,738,5.282991705523678,-0.3513685985677947,25.380678,26.191614,1.7602961563039558e-17,42.17408818513059,4.998050769642909,3
j0022,649,5.256994574131793,-0.4307801936257498,25.590425,26.505398,1.57046720149812e-17,42.12453131524351,4.992688461822535,3
j0022,137,5.414914470794449,-0.9314527275176736,25.506601,26.313465,1.5622282886548617e-17,42.12224694215608,4.985142492305738,3
j0022,750,5.681148125030221,-0.3397651470784897,25.282179,26.315691,2.249186190303348e-17,42.28052785279603,4.900420012062451,3
j0022,689,5.519050327087223,-0.3915563748658668,25.459772,26.641289,2.0628069870922608e-17,42.24296103822882,4.887260815552504,3
j0022,175,5.5228998464416,-0.9037998150432278,25.229816,26.456861,2.6025894227660906e-17,42.34390810488853,4.852001860269142,3
j0022,259,5.262110147993544,-0.8341139633441282,25.3256,26.347603,2.146533242192893e-17,42.26024006300938,4.778961840024579,3
j0022,617,5.248062549083739,-0.5365117021479626,25.487143,26.885471,2.1963751996399348e-17,42.27020897569036,4.777686514303838,3
j0022,82,5.360849025640604,-1.074085451077213,25.823698,27.531439,1.7631272042619197e-17,42.17478609091421,4.724110624744199,3
j0022,254,5.149257227499918,-0.8434125800020309,25.787573,26.892172,1.4683710146785025e-17,42.09533824749822,4.699763077783796,3
j0022,815,5.697458450274371,-0.2816802380621879,25.27399,26.20698,2.128007768744641e-17,42.256475653569616,4.698735764256358,3
j0022,707,5.499223700355024,-0.3784065492238835,24.999084,25.850458,2.5839938192429578e-17,42.34079391497753,4.692650944733964,3
j0022,753,5.340800084310688,-0.3373706612286228,25.526934,26.381737,1.593309782239008e-17,42.13080266698832,4.636034058435712,3
j0022,35,5.273044330219283,-1.1219164931113823,25.560606,26.343187,1.4559310411981872e-17,42.09164324997465,4.631644626434357,3
j0022,745,5.655668184853592,-0.3445466463810863,25.615473,26.442978,1.4373112071317568e-17,42.08605325637026,4.603414389322877,3
j0022,726,5.290432598942156,-0.3602849196809638,25.655926,26.967571,1.8206294049257108e-17,42.188723997187125,4.56930375729053,3
j0022,757,5.669116407764782,-0.3356791488806559,25.35769,26.73793,2.458666658610112e-17,42.31920209636221,4.556882786653063,3
j0022,349,5.501079334796608,-0.7636110516095722,25.374731,27.662716,2.9549571367159974e-17,42.39905363004123,4.528166008231162,3
j0022,381,5.172964538021685,-0.7261417750625752,25.57392,26.480692,1.5853830105981868e-17,42.12863664432221,4.438512379265543,3
j0022,189,5.237794155706172,-0.8878361184869102,25.226915,26.520313,2.683357128506427e-17,42.35718092131253,4.407174616138777,3
j0022,245,5.3443371302707225,-0.848906907947788,25.664248,26.663221,1.5498213632163844e-17,42.1187840875069,4.403236822142943,3
j0022,527,5.164756424880572,-0.6038022951692618,25.587143,26.838284,1.892338275699577e-17,42.20550121824712,4.3515528309796245,3
j0022,756,5.701833598720632,-0.3363321590403735,25.610222,26.443247,1.4506878486265392e-17,42.09007641774957,4.289505858142491,3
j0022,20,5.3025637158979535,-1.1478208999856594,25.312399,26.388908,2.2408427452358305e-17,42.27891382474608,4.265580408727959,3
j0022,552,5.273634642583144,-0.5866816565708289,25.624779,26.839172,1.7988094455903354e-17,42.18348760385174,4.263828199460663,3
j0022,243,5.9365421073907365,-0.8502483393212611,26.00609,27.70949,1.4889194662280102e-17,42.10137365240724,4.2589163695333525,3
j0022,145,5.164648096804073,-0.9235027422864996,25.518888,26.3038,1.5160344905902088e-17,42.10921152629805,4.1903611443944335,3
j0022,806,5.65334963702613,-0.2934932632123833,24.760986,25.747408,3.533689223426275e-17,42.47673079651019,4.16501287799219,3
j0022,112,5.231676504546489,-1.042715489397581,25.833015,26.975216,1.435326825279085e-17,42.08545324605503,4.076920631159634,3
j0022,319,5.305276121049939,-0.784760369042474,26.192528,29.7896,1.5262179413748225e-17,42.11211899903381,4.067989538855096,3
j0022,803,5.440830910400422,-0.2954305955019244,25.50835,26.288044,1.5238662572464087e-17,42.11144929710033,4.04023924550884,3
j0022,307,5.35227304318083,-0.7968564270433774,25.815624,27.215992,1.6241441143595584e-17,42.13912700710731,3.8583920928802034,3
j0022,29,5.52276517183855,-1.1274645702846364,25.874672,27.104382,1.4387021688161892e-17,42.08647334275528,3.8031319441455897,3
j0022,268,5.121743215452804,-0.8291291516617707,25.440954,26.280909,1.7047841236056188e-17,42.160171836666144,3.755188853515967,3
j0022,31,5.563375343174146,-1.1250146779414316,25.565804,26.52799,1.6581706781161492e-17,42.14813167558862,3.743753575800426,3
j0022,384,5.143039393046235,-0.7218723071162731,25.905804,27.263994,1.4721997595470544e-17,42.096469186922135,3.609046766088399,3
j0022,777,5.846058632300038,-0.3164741089133425,25.320473,26.28428,2.0807302543415408e-17,42.24671822642775,3.5356806169524067,3
j0022,83,5.348133927556102,-1.07410046399103,25.709192,26.97232,1.69971264494305e-17,42.15887794979996,3.487734059228853,3
j0022,310,5.125218347860375,-0.7931719104106865,25.03377,25.96634,2.654225262195299e-17,42.35244022281332,3.324535874774773,3
j0022,140,5.235642049564241,-0.9279041003832028,25.457657,26.26844,1.6396041932231988e-17,42.143241464796326,3.3031600349255763,3
j0022,799,5.391545658708067,-0.2982610014066156,25.294031,26.132586,1.949657869510466e-17,42.21846085150398,3.2726923387286924,3
j0022,114,5.963046823100067,-1.033583211855157,25.282175,26.10629,1.9484087624873694e-17,42.21818251849573,3.16751271794047,3
j0022,412,5.185832841095951,-0.6929885776288233,26.237621,99.0,1.5194457571922213e-17,42.110187645240885,3.1249064328633294,3
j0022,96,5.236597169964871,-1.0590078452640834,25.495476,26.362984,1.656083780296181e-17,42.14758474816427,3.0679939153023508,3
j0022,340,5.468422412093085,-0.7712125112074821,25.64797,26.610449,1.5376057892140692e-17,42.1153474499419,2.8073449208632093,3
j0022,445,5.521426280061691,-0.6695617407350264,25.870674,27.444778,1.6305838735146958e-17,42.14084558729335,2.771948567937049,3
j0022,612,5.167250579322222,-0.5396544199459553,25.45293,26.356297,1.7680062046076116e-17,42.17598622924399,2.740447885916979,3
j0022,454,5.1371021058320805,-0.6621914085512305,24.988571,25.797268,2.521276261828988e-17,42.33012287935222,2.710818653345354,3
j0022,537,5.961511542988096,-0.5937884929365961,25.247538,26.442694,2.5240441699324857e-17,42.33059939510681,2.531282944911137,3
j0022,734,5.69253936552947,-0.3548224728760224,25.166327,25.956516,2.107242800324409e-17,42.2522170231458,2.5179967342180207,3
j0022,696,5.265912616371463,-0.3870434545546978,25.848621,27.06356,1.4640446646670986e-17,42.09405677071904,2.438341290964342,3
j0022,396,5.156937223951083,-0.7071264768146305,25.80871,27.01769,1.514809136586208e-17,42.10886036036753,2.374317755118546,3
j0022,685,5.343896826559504,-0.3938293655726594,25.232521,26.028595,1.9926199787494345e-17,42.22792692486135,2.345078124387064,3
j0022,761,5.383419152713637,-0.3332730080492829,25.468397,26.24833,1.5813173285471922e-17,42.12752147454863,2.33894408282821,3
j0022,523,5.17300044628241,-0.6074952277732989,25.312382,26.118267,1.8667089696505152e-17,42.1995790587518,2.3056206449793533,3
j0022,364,5.1455669792136325,-0.748772911273808,25.599533,26.560415,1.6060958323389568e-17,42.13427389960773,2.0761529356617823,3
j0022,212,5.151052185131637,-0.8684985877503605,25.488258,26.352295,1.6627664722434668e-17,42.14933370333757,2.046673317876544,3
j0022,741,5.685766543704247,-0.3490453806131348,25.541714,26.450998,1.6360059286023233e-17,42.14228731760559,2.0162807643180933,3
j0022,403,5.63865430288573,-0.7033481445526109,25.12641,25.996029,2.3302243461360985e-17,42.2959001799054,1.953181182893046,3
j0022,501,5.336286751540477,-0.6253984699829189,25.587353,26.876944,1.9223700000344042e-17,42.212339424830574,1.7026412361066248,3
j0022,597,5.495588507486187,-0.5504335015368823,25.209753,26.217876,2.368576377559132e-17,42.302989838090674,1.473573166610942,3
j0022,273,5.194440604273592,-0.8255878590102687,25.776917,26.871817,1.4753185624935078e-17,42.097388251210994,1.3619584384657788,3
j0022,553,5.128992606379838,-0.5843235598800826,25.709923,26.715078,1.4915646075894366e-17,42.10214451416679,1.258677344060133,3
j0022,514,5.273286578110698,-0.6131081645520432,25.697182,26.650932,1.4611533581937538e-17,42.09319824500832,1.2092101804843094,3
j0022,736,5.37593614988811,-0.3542340414749736,25.332188,26.127981,1.8174134981425148e-17,42.187956193743766,0.7384320909319918,3
j0022,629,5.149622384662427,-0.5316737180237188,25.19121,26.02984,2.143446067372049e-17,42.25961500488016,0.4528854374250229,3
j0022,469,5.725635333860838,-0.6514412609854433,24.723597,25.623707,3.4531114972795337e-17,42.46671304593989,0.0,3
j0022,33,5.806751272434973,-1.123262691045929,24.919777,25.853779,2.9509067006074225e-17,42.3984579230031,0.0,3
j0022,444,5.767560145546434,-0.6700416338872218,24.988808,26.010847,2.927275713120412e-17,42.39496607398153,0.0,3
j0022,567,5.939581196229426,-0.5772401351279529,24.926664,25.722208,2.6398011301816016e-17,42.35007365492092,0.0,3
j0022,613,5.16500171602967,-0.5397830653394515,25.076319,26.004177,2.5440620775385158e-17,42.33403014876419,0.0,3
j0022,244,5.926714092878656,-0.8500220653730752,25.041117,25.912064,2.523173711901108e-17,42.33044959569956,0.0,3
j0022,239,5.238860854496911,-0.8529571643445785,25.286982,26.56414,2.522236363480957e-17,42.33028822715068,0.0,3
j0022,414,5.950501960347151,-0.6915969200490663,25.091263,26.003304,2.482017723507889e-17,42.32330732282847,0.0,3
j0022,257,5.160878516350056,-0.8395421494281075,25.048391,25.873768,2.419008916700149e-17,42.31213991367557,0.0,3
j0022,283,6.064030020847573,-0.816586600665367,25.318386,26.552849,2.406501385853305e-17,42.30988856057387,0.0,3
j0022,256,5.146186567439747,-0.8408384178606527,25.084948,25.907343,2.3332670846251804e-17,42.29646689895821,0.0,3
j0022,370,5.264931068606687,-0.7431109575205751,25.160519,26.00608,2.21694402485346e-17,42.27425717230363,0.0,3
j0022,787,5.567901258122105,-0.309322948309074,25.261501,26.215303,2.1826443812729225e-17,42.2674854262373,0.0,3
j0022,3,5.707082047510009,-1.2009351907359411,25.27813,26.24493,2.167646709310792e-17,42.26449094525028,0.0,3
j0022,395,5.131529520971621,-0.7076917310830931,25.309023,26.297152,2.1353746779878124e-17,42.257976532863104,0.0,3
j0022,540,5.147676450061284,-0.5925348069873037,25.202404,26.044582,2.1274016925428894e-17,42.25635194488578,0.0,3
j0022,366,5.359538812630732,-0.7477875803277665,25.309385,26.279964,2.1112315782885045e-17,42.25303831758551,0.0,3
j0022,536,5.326322499781587,-0.5941121228913845,25.27478,26.185211,2.093670008838301e-17,42.24941067641823,0.0,3
j0022,802,5.503935264032871,-0.2962430128206332,25.231827,26.061422,2.0499315823853478e-17,42.240241810935466,0.0,3
j0022,177,5.627451388569525,-0.9020275999791691,25.591509,26.87947,1.913763515599614e-17,42.21039071530072,0.0,3
j0022,446,5.126746971730892,-0.6696349846561045,25.304493,26.122387,1.8991136117246737e-17,42.20705339101274,0.0,3
j0022,78,5.241221253762846,-1.0804126983363078,25.337418,26.179735,1.8788466413451888e-17,42.20239377722855,0.0,3
j0022,767,5.329297469358404,-0.3299434887819875,25.409348,26.310387,1.8373749867535906e-17,42.19270024423737,0.0,3
j0022,270,6.062506083033231,-0.8279547277937086,25.826458,27.68212,1.817279750269617e-17,42.18792423178207,0.0,3
j0022,127,5.18162482551116,-0.9410237945553914,25.329903,26.115326,1.805077030045605e-17,42.18499818422458,0.0,3
j0022,148,5.170531123350563,-0.9199855812482592,25.648933,26.837112,1.7383665308740968e-17,42.16864379629199,0.0,3
j0022,322,5.161989496942543,-0.7826360252896193,25.660732,26.866661,1.7336087970888306e-17,42.1674535465768,0.0,3
j0022,79,5.68265211882235,-1.0763232286924034,25.600094,26.662128,1.7056167844391813e-17,42.16038390558253,0.0,3
j0022,331,5.149649760935529,-0.7771035815027479,25.482704,26.370216,1.700686208216408e-17,42.15912663425564,0.0,3
j0022,392,5.374596438546011,-0.7099252646000876,25.518368,26.395103,1.632748889091755e-17,42.14142184140208,0.0,3
j0022,434,5.138708589828806,-0.6775976391050367,25.536167,26.434847,1.6320710077845698e-17,42.1412414944766,0.0,3
j0022,681,5.229749729909883,-0.3970318099264212,25.532452,26.415205,1.6188769688041825e-17,42.13771628901281,0.0,3
j0022,766,5.807225324712119,-0.3302562347565376,25.81773,27.206635,1.6144600523942878e-17,42.1365297479226,0.0,3
j0022,596,5.307898281969527,-0.5519204500551433,25.562,26.478159,1.6134562477791634e-17,42.13625963756114,0.0,3
j0022,525,5.168090972914004,-0.6070699762750692,25.920183,27.62105,1.6105235335777528e-17,42.13546951973637,0.0,3
j0022,32,5.7067359143527465,-1.1233016747053264,25.484621,26.30271,1.6090484779489658e-17,42.13507157332448,0.0,3
j0022,136,5.132386411979553,-0.9316866820798306,25.84263,27.25813,1.592575073322737e-17,42.13060235840953,0.0,3
j0022,719,5.70393588026508,-0.3686582527559269,25.464705,26.244781,1.586902504688432e-17,42.12905269006964,0.0,3
j0022,399,5.336433767300588,-0.7048340124352109,25.631212,26.594715,1.562554230287282e-17,42.12233754343923,0.0,3
j0022,123,5.286137799256444,-0.9505406372240472,25.846,27.204203,1.5555731119350726e-17,42.12039287222413,0.0,3
j0022,22,5.697929452689781,-1.1394094705758977,25.597872,26.498972,1.5445681273501372e-17,42.11730951325077,0.0,3
j0022,693,5.27705972640595,-0.3884469282547113,25.617086,26.534082,1.5345295647442996e-17,42.11447770456619,0.0,3
j0022,633,5.886326501379395,-0.5299084143467265,25.55355,26.391386,1.534276913287946e-17,42.11440619459359,0.0,3
j0022,788,5.50750686122048,-0.3093125030533882,25.641163,26.581783,1.5252182727210374e-17,42.11183444411268,0.0,3
j0022,111,5.497198607986557,-1.0434509464804889,25.66965,26.615808,1.4912054139309678e-17,42.10203991621024,0.0,3
j0022,343,5.178526255920975,-0.7694474129114565,25.91089,27.301096,1.4823943946791545e-17,42.09946620859234,0.0,3
j0022,562,5.3343526993972725,-0.5800635779136455,26.252836,30.741117,1.4742972774311886e-17,42.09708750798964,0.0,3
j0022,419,5.330078338538775,-0.6875565645441511,26.100128,28.190157,1.4729993265937454e-17,42.0967049927571,0.0,3
j0022,166,5.885455669202738,-0.908603005943652,25.554865,26.340363,1.467368532810622e-17,42.09504164600936,0.0,3
j0022,9,5.556767486661222,-1.18608767988359,25.598045,26.42849,1.4640245766111702e-17,42.09405081175351,0.0,3
j0022,377,5.1436924616876185,-0.7322751559742954,25.76667,26.814562,1.451465026394827e-17,42.09030902026145,0.0,3
j0022,346,5.130280852187037,-0.7668364109125031,25.938686,27.336903,1.449013451034587e-17,42.08957486145782,0.0,3
j0022,356,5.188149400268964,-0.7558425800395675,25.733448,26.691412,1.417043992927921e-17,42.07988577783266,0.0,3
j0022,282,5.185687340989722,-0.8171415395413427,25.627377,26.450272,1.4163458867539266e-17,42.0796717701047,0.0,3
